youtuber,video_link,title,comment,word_count,emoji_count,average_word_length
Emilija Young,https://www.youtube.com/watch?v=MeYSIXFADI0,kÄpÄ“c es publicÄ“ju pusplikas bildes...,"Bet Tev piestÄv tavs augums, mÄ“s visi mÄ«lam Baisu Sipenieci, jo viÅ†ai ir savs stils, augums,un j viÅ†a bÅ«tu tieva bÅ«tu pavisam savÄdÄk... un tÄpat ir ar Tevi, tas viss ir tavs, tava firmas zÄ«me, ar to TU izcelies!ğŸ¥°ğŸ’¯ un Tev tieÅ¡Äm piestÄv tavs formÄ«gais augums!",46,2,4.608695652173913
Emilija Young,https://www.youtube.com/watch?v=MeYSIXFADI0,kÄpÄ“c es publicÄ“ju pusplikas bildes...,"Zelta vÄrdi: ""MotivÄ“t var arÄ« ne caur ienÄ«Å¡anu"". Ä»oti novÄ“rtÄ“ju Tavu drosmi runÄt par Å¡Ä«m tÄ“mÄm!â¤ï¸",16,1,5.125
Emilija Young,https://www.youtube.com/watch?v=MeYSIXFADI0,kÄpÄ“c es publicÄ“ju pusplikas bildes...,DrosmÄ«gi,1,0,8.0
Emilija Young,https://www.youtube.com/watch?v=MeYSIXFADI0,kÄpÄ“c es publicÄ“ju pusplikas bildes...,"Tik Ä¼oti priecÄjos, ka pamatskolas/vidusskolas gadi tika pavadÄ«ti ne interneta laikmetÄ. Skumji, ka mÅ«sdienÄs viss ir jÄslÄ“pj iekÅ¡Ä“ji. KÄpÄ“c vispÄr cilvÄ“ki tik Ä¼oti ir apsÄ“sti ar kaut kÄ publicÄ“Å¡anu. AtskaitÄ«ties? PierÄdÄ«t? Sev vai visai pasaulei? But who am I to judge.
ps. Turpini, EmÄ«lija, bÅ«t Tu pati, un viss izdosies. :)",51,0,5.411764705882353
Emilija Young,https://www.youtube.com/watch?v=MeYSIXFADI0,kÄpÄ“c es publicÄ“ju pusplikas bildes...,Tik labs video. â¤â¤â¤,3,3,4.333333333333333
Emilija Young,https://www.youtube.com/watch?v=MeYSIXFADI0,kÄpÄ“c es publicÄ“ju pusplikas bildes...,"manuprÄt, tu dari pareizi  un tev ir taisnÄ«ba ğŸ‘",8,1,4.625
Emilija Young,https://www.youtube.com/watch?v=MeYSIXFADI0,kÄpÄ“c es publicÄ“ju pusplikas bildes...,"dievinu Å¡Å video, tu esi malacis un Ä¼oti liela iedvesma cilvÄ“kiem kas nÄ“jÅ«tas iekÄ¼auti mÅ«sdienu sabiedrÄ«bÄ!!",16,0,5.8125
Emilija Young,https://www.youtube.com/watch?v=MeYSIXFADI0,kÄpÄ“c es publicÄ“ju pusplikas bildes...,"ğŸ‘ Par drosmi un savu pÄrliecÄ«bu, lai kÄda tÄ bÅ«tu",9,1,4.333333333333333
Emilija Young,https://www.youtube.com/watch?v=MeYSIXFADI0,kÄpÄ“c es publicÄ“ju pusplikas bildes...,Uz priekÅ¡u....,2,0,6.5
Emilija Young,https://www.youtube.com/watch?v=MeYSIXFADI0,kÄpÄ“c es publicÄ“ju pusplikas bildes...,ğŸ™‚,0,1,0.0
Emilija Young,https://www.youtube.com/watch?v=MeYSIXFADI0,kÄpÄ“c es publicÄ“ju pusplikas bildes...,"Super, Emily!",2,0,6.0
Emilija Young,https://www.youtube.com/watch?v=MeYSIXFADI0,kÄpÄ“c es publicÄ“ju pusplikas bildes...,"MÅ«sdienÄs tas vienkÄrÅ¡i visiem Å¡Ä·iet tik normÄli publicÄ“t bildes- jo kailÄk, jo labÄk. Labi, paÅ¡novÄ“rtÄ“jumam ir jÄbÅ«t, bet vai tieÅ¡Äm to vajag pierÄdÄ«t nopublicÄ“jot bildes peldkostÄ«mÄ/bikini, parÄdÄ«t sevi visu, neko neatstÄjkot noslÄ“pumÄ? Ar katru paaudzi paliek jo trakÄk , un sociÄlie tÄ«kli un tie saucamie influenceri nemaz nedara to vislabÄko darbu parÄdot jaunajai paaudzei kÄ uzvesties un sevi pasniegt. 
Å is nav heits Tev, EmÄ«lij, manuprÄt, tu esi Ä¼oti skaista jauna sieviete un Tev sekoju jau ilgu laiku, bet vai tieÅ¡Äm tÄ vajag? Tas tÄ, varbÅ«t esmu vecumdienÄ«ga, bet visas pusplikÄs bildes, atklÄjot sevi visu tikai veicina to, ka nav jau vairs nekas palicis, kas bÅ«tu redzams, piemÄ“ram, tikai tavam mÄ«Ä¼otajam cilvÄ“kam, jo visa pasaule jau to ir redzÄ“jusi. TÄds ir mans viedoklis. 
Turpini tiekties uz to, ko vÄ“lies sasniegt un kur vÄ“lies dzÄ«vÄ“ nokÄ¼Å«t, vÄ“lu Tev no sirds visu to labÄko. Sargi sevi pati un DieviÅ†Å¡ Tevi sargÄs!",148,0,5.3108108108108105
Emilija Young,https://www.youtube.com/watch?v=MeYSIXFADI0,kÄpÄ“c es publicÄ“ju pusplikas bildes...,"Fantastiski izskaties , kÄ vienmÄ“r ğŸ˜ğŸ˜ğŸ˜",5,3,6.0
Emilija Young,https://www.youtube.com/watch?v=MeYSIXFADI0,kÄpÄ“c es publicÄ“ju pusplikas bildes...,Es nesaprotu kÄ Å¡ito tÄ“mu var sasaistÄ«t ar politiku loool,10,0,4.8
Emilija Young,https://www.youtube.com/watch?v=MeYSIXFADI0,kÄpÄ“c es publicÄ“ju pusplikas bildes...,"reti ka gadas redzet tik seklu Äali,fu meiteni",8,0,4.875
Emilija Young,https://www.youtube.com/watch?v=MeYSIXFADI0,kÄpÄ“c es publicÄ“ju pusplikas bildes...,"Man Ä¼oti patÄ«k tavas bildes ğŸ¥°ğŸ¥°ğŸ¥°
Katru cilvÄ“ku dievs radÄ«ja tÄdu kÄdam viÅ†am jÄbÅ«t.. Un ja citi kaut ko pÄrmet neÅ†em galvÄ tÄ ir tava dzÄ«ve....Ir teiciens..""Ja tev paÅ¡am slikta dzÄ«ve,tad lien cita dzÄ«vÄ“""",33,3,5.03030303030303
Emilija Young,https://www.youtube.com/watch?v=MeYSIXFADI0,kÄpÄ“c es publicÄ“ju pusplikas bildes...,"* sÅ«dzas par to, ka Latvija atpaliek viendzimuma laulÄ«bu legalizÄcijÄ *
* tÄ“lo, ka atbalsta LGBT *
* nobalso par KPV, kas ir pret LGBT * 

Cool story",28,0,4.285714285714286
Emilija Young,https://www.youtube.com/watch?v=MeYSIXFADI0,kÄpÄ“c es publicÄ“ju pusplikas bildes...,Laps vidijo man patÄ«kğŸ‘ğŸ’ŸğŸ’ŸğŸ’ğŸ’ğŸ’ğŸ’ğŸ’ğŸ’—ğŸ’šğŸ’›ğŸ’›ğŸ’œğŸ’“ğŸ’“ğŸ’”ğŸ’•ğŸ’–ğŸ’–,4,19,4.5
Emilija Young,https://www.youtube.com/watch?v=MeYSIXFADI0,kÄpÄ“c es publicÄ“ju pusplikas bildes...,"Video labs, skropstas blew me away...",6,0,5.333333333333333
Emilija Young,https://www.youtube.com/watch?v=MeYSIXFADI0,kÄpÄ“c es publicÄ“ju pusplikas bildes...,"Man Ä¼oti patika tavs instagram konts lÄ«dz brÄ«dim, kad sÄki masÄ«vi likt Å¡Ä«s pusplikÄs bildes un Å¡ausmÄ«gi koncentrÄ“jies  uz ""pieÅ†emt tÄdu kÄds tu esi"", kas sÄka radÄ«t iespaidu, ka centies pateikt, ka liekais svars ir labi, bet kauli ir slikti. Es nonÄcu pie secinÄjuma, ka iemesls kÄpÄ“c es tev sekoju (tavas sentimentÄlÄs personÄ«bas un skaistÄ grima dÄ“Ä¼) diemÅ¾Ä“l ir noslÄ«cis tavÄs pusplikajÄs bildÄ“s lÄ«dz ar to viss kopÄ«gais, kas man bijis ar tevi un tavu kontu dÄ“Ä¼ Å¡Ä«m bildÄ“m ir pazudis. :( Ir Ä¼oti jauki, ka centies pavÄ“stÄ«t par Ä·ermeÅ†a daudzveidÄ«bu un pieÅ†emt sevi kÄda tu esi, un aicinÄt citus darÄ«t to paÅ¡u, bet vai tas patieÅ¡Äm jÄdara tik bieÅ¾i?",110,0,4.9
Emilija Young,https://www.youtube.com/watch?v=MeYSIXFADI0,kÄpÄ“c es publicÄ“ju pusplikas bildes...,"Visi tie, kas klepo, cik tas nav pieÅ†emami, cik tas nav Ä“tiski, ir nekas vairÄk, kÄ savu stereotipu vergi.",19,0,4.631578947368421
Emilija Young,https://www.youtube.com/watch?v=MeYSIXFADI0,kÄpÄ“c es publicÄ“ju pusplikas bildes...,"Tie cilvÄ“ki kas kaut ko daudz domÄ, bet netiek lÄ«dz sapratnei,  lai domÄ tÄlÄk :) Tu jau esi soli priekÅ¡Ä viÅ†iem! Ar savu domÄÅ¡anu pareizajÄ virzienÄ! :)",27,0,4.666666666666667
Emilija Young,https://www.youtube.com/watch?v=MeYSIXFADI0,kÄpÄ“c es publicÄ“ju pusplikas bildes...,Ja Tev ir kÄds mÄ“rÄ·is - ej uz to . Nevajag nevienam neko pierÄdÄ«t ğŸ˜‰ Tu nevari likt cilvÄ“kiem  domÄt kÄ Tu .,22,1,3.772727272727273
Emilija Young,https://www.youtube.com/watch?v=MeYSIXFADI0,kÄpÄ“c es publicÄ“ju pusplikas bildes...,"Man tÄ ir katru reizi. Esmu apaÄ¼a, esmu resna, un katru reizi kÄ izeju ielÄs domÄju par to ka jÄievelk vÄ“ders, jÄvelk cieÅ¡Äki dÅ¾insi un plati dÅ¾emperi tikai tÄdÄ“Ä¼, lai visu noslÄ“ptu. Bet vispirms ir jÄsÄk ar sevi, jÄpieÅ†em sevi kÄda tu esi. Un jÅ«s heiteri, nezinat lÄ«dz kam cilvÄ“kus var novest tikai ar to ka nicinat cita izskatu, augumu. #EMÄ«lijasTeam #GoGirl â¤ï¸ğŸ‘",63,2,4.761904761904762
Emilija Young,https://www.youtube.com/watch?v=MeYSIXFADI0,kÄpÄ“c es publicÄ“ju pusplikas bildes...,ÄŒau. KÄpÄ“c izÅ¡Ä·Ä«ries no sava puiÅ¡a?,6,0,5.0
Emilija Young,https://www.youtube.com/watch?v=MeYSIXFADI0,kÄpÄ“c es publicÄ“ju pusplikas bildes...,"Emilij, man baigi patÄ«k, ka Tu tas bildes publicÄ“! Es jau dzÄ«ve Tev teicu, ka man tas ir Ä¼oti iedvesmojoÅ¡i. Å obrÄ«d man ir liekais svars, pagatÄ“ bijuÅ¡i Ä“Å¡anas traucÄ“jumi, bet es nevÄ“los tajos atgriezties. Un bÅ«t apmierinÄtam ar sevi ir grÅ«ts darbs! â¤ï¸",43,1,4.813953488372093
Emilija Young,https://www.youtube.com/watch?v=MeYSIXFADI0,kÄpÄ“c es publicÄ“ju pusplikas bildes...,"PiekrÄ«tu Tev!
MÄ“s katrs esam tÄds kÄ esam, un kapÄ“c mums lieki  tÄ“rÄ“t laiku domÄjot par savu Ä·ermemeni, cik mÄ“s neglÄ«ti. Tas ir tikai Ä·ermenis, Boys and Girls! KapÄ“c tÄ“rÄ“t laiku domÄjot par lietÄm, ko nevaram mainÄ«t..
Paldies, ka taisi video un ka Tu mums esi, EmÄ«lij!
LY!!!<3",48,0,4.75
Emilija Young,https://www.youtube.com/watch?v=MeYSIXFADI0,kÄpÄ“c es publicÄ“ju pusplikas bildes...,"Es noskatÄ«jos tikai lidz pusei un, tiklidz tu saki runÄt par to, kadas veselÄ«bas problemas ietekme figuru, es vairs nespeju nenokomentet ne noskatÄ«jusies lidz galam.! Piedod.
Bet kÄda atskiriba no ka tie gurni, kajas, veders vai dibens ir lielÄks ka citiem!? Vins var but ta ari no neiespringsanas uz kaut kÄdÄm normam un sevis milesanas ne tikai no slimÄ«bÄm. Nav nozÄ«mes cik tie kilogrami daudz vai maz.. Ja cilveks sevi mil vins ir skaists jebkada veidola.. Un tavas bikini bildes ir super.. (pat ne bikini bildes).. Jo meitenes, kuram reizem aizmirstas, ka ir vairÄk apÄ£Ä“rba par baggy t krekliem un dzemperiem, var macities no tevis, ka labak izcelt figuru un milet sevi jebkada izmera. Neslepjoties kartupeÄ¼u maisa. â¤ï¸",118,1,5.11864406779661
Emilija Young,https://www.youtube.com/watch?v=MeYSIXFADI0,kÄpÄ“c es publicÄ“ju pusplikas bildes...,Zelts un sudrabs kopÄ neiet.,5,0,4.8
Emilija Young,https://www.youtube.com/watch?v=MeYSIXFADI0,kÄpÄ“c es publicÄ“ju pusplikas bildes...,Amerikas rapperi ka cardi b vai Nicki minaj liek savas dirshu Bildes visur in tad Visiem puisiem un meitenem  patik a ka kÄds cits ieliek uzreiz mauka tikai tapec ka cilvÄ“ks jÅ«tas labi un Paspaliecinati sava kermeniii un liek tadas bildes ir uzreiz tiek apsaukats un nosodits,47,0,4.851063829787234
Emilija Young,https://www.youtube.com/watch?v=MeYSIXFADI0,kÄpÄ“c es publicÄ“ju pusplikas bildes...,"Es nedomÄju, ka cilvÄ“ki domÄ, ka esi mau*a.. Citi vienkÄrÅ¡i neprot domÄt Ärpus kastes... Un viÅ†i neizprot tavu rÄ«cÄ«bu... DomÄju, ka vairÄk viÅ†i jÅ«tas apdraudÄ“t, man nezinÄmu iemeslu dÄ“Ä¼...",29,0,5.517241379310345
Emilija Young,https://www.youtube.com/watch?v=MeYSIXFADI0,kÄpÄ“c es publicÄ“ju pusplikas bildes...,Liec pusplikas bildes tÄ“lo paÅ¡parliecinÄtu un kad lasi heit komentÃ¢rus raudi. KÄds sakars?,13,0,6.0
Emilija Young,https://www.youtube.com/watch?v=Zjvd5RH6pms,Es paliku 3 nedÄ“Ä¼as teltÄ« un gandrÄ«z nosalu ! STORYTIME,"Noteikti sÅ«dzies attiecÄ«gajÄm iestÄdÄ“m un pasaulei ir jÄzin savi varoÅ†i, droÅ¡i varÄ“ji publicÄ“t publiski ğŸ¤·â€â™€ï¸",14,1,6.428571428571429
Emilija Young,https://www.youtube.com/watch?v=Zjvd5RH6pms,Es paliku 3 nedÄ“Ä¼as teltÄ« un gandrÄ«z nosalu ! STORYTIME,"Par Erasmus nav ko brÄ«nÄ«ties, man arÄ« nebija tÄ labÄkÄ pieredze. LÄ«gumÄ bija noteikts viss skaisti, un izmaksÄja paredzÄ“to summu, kas manÄ gadÄ«jumÄ bija kÄ kabatas nauda, jo Ä“dinÄÅ¡ana un izmitinÄÅ¡ana bija apmaksÄta, aizlidojot tur, man pateica, ka Ä“dinÄÅ¡ana paÅ¡ai jÄdomÄ - 4 nedÄ“Ä¼u garumÄ tas bija un tÄ kabatas nauda nebija no tÄm lielÄkajÄm... sÄku jau otrajÄ nedÄ“Ä¼Ä skaitÄ«t katru eiro lÄ«dzi un pÄ“c tam vÄ“l vecÄki atbalstÄ«ja pat, lai nekas netrÅ«ktu. Un izmitinÄÅ¡anas ziÅ†Ä arÄ« par to aukstumu runÄjot... siltais Å«dens uz gÄzes padevi bija, es to nemÄku paskaidrot sÄ«kÄk, bet nu, mÄ“s tajos apartamentos dzÄ«vojÃ m 6 cilvÄ“ki, paspÄ“ja ieiet 2 cilvÄ“ki nomazgÄties un siltais Å«dens vairs nebija, apkuri ieslÄ“dzot - 2 radiatori bija, ja ieslÄ“dz treÅ¡o, korÄ·us sita ÄrÄ un lÄ«dz ar to bija karoÅ¡ana, katru dienu jÄmainÄs un jÄcenÅ¡as izdzÄ«vot tajÄ aukstumÄ un tie sildÄ«tÄji arÄ« nebija labÄkie... tÄ nu mÄ“s valstis starp valstÄ«m jau ragos sagÄjÄm neapmierinoÅ¡o apstÄkÄ¼u dÄ“Ä¼ jau sÄkumÄ un tÄ... tas tÄ Ä«sumÄ. Feel you girl!",164,0,5.164634146341464
Emilija Young,https://www.youtube.com/watch?v=Zjvd5RH6pms,Es paliku 3 nedÄ“Ä¼as teltÄ« un gandrÄ«z nosalu ! STORYTIME,"ZiÅ†ojat OLAF (https://ec.europa.eu/anti-fraud/olaf-and-you/report-fraud_en) viÅ†i ir galvenÄ institÅ«cija, kas izmeklÄ“ nelietderÄ«gu ES fondu izmantoÅ¡anu. 

Ja viÅ†i zog ES naudu - viÅ†i zog mÅ«su visu naudu.",24,0,7.375
Emilija Young,https://www.youtube.com/watch?v=Zjvd5RH6pms,Es paliku 3 nedÄ“Ä¼as teltÄ« un gandrÄ«z nosalu ! STORYTIME,"Par to latvieÅ¡u divkosÄ«bu - tÄ ir Ä¼oti plaÅ¡i izplatÄ«ta rakstura Ä«paÅ¡Ä«ba. To ievÄ“roju jau skolas laikÄ, kad vienmÄ“r kaut kas bija slikti, bet ne tik slikti, lai patieÅ¡Äm skaÄ¼i to pateiktu un problÄ“mu risinÄtu. Nekas jauns ğŸ‘ğŸ»",37,1,4.972972972972973
Emilija Young,https://www.youtube.com/watch?v=Zjvd5RH6pms,Es paliku 3 nedÄ“Ä¼as teltÄ« un gandrÄ«z nosalu ! STORYTIME,"Wooww, cik izcili izagti lÄ«dzekÄ¼i ğŸ˜‚ğŸ™„ drausmas",6,2,6.166666666666667
Emilija Young,https://www.youtube.com/watch?v=Zjvd5RH6pms,Es paliku 3 nedÄ“Ä¼as teltÄ« un gandrÄ«z nosalu ! STORYTIME,IzklausÄs traÄ£iski. Es TavÄ vietÄ noteikti sÅ«dzÄ“tos...,7,0,6.857142857142857
Emilija Young,https://www.youtube.com/watch?v=Zjvd5RH6pms,Es paliku 3 nedÄ“Ä¼as teltÄ« un gandrÄ«z nosalu ! STORYTIME,DÄ«vaini ka sali trÄ«s guÄ¼ammaisos ğŸ˜‚,5,1,5.6
Emilija Young,https://www.youtube.com/watch?v=Zjvd5RH6pms,Es paliku 3 nedÄ“Ä¼as teltÄ« un gandrÄ«z nosalu ! STORYTIME,"Klausies, 
Es pÄ“rn 1,5 mÄ“nesi teltÄ« dzÄ«voju. 
Un nekas. 
Viss stÄv ğŸ‘. 
JoprojÄm ğŸ˜.",14,2,4.5
Emilija Young,https://www.youtube.com/watch?v=CixsCehB1BE,Lasu internetÄ rakstus par SEVI,"Ä»oti labi izskaties. <3
Skumji, ka vispÄr tiek taisÄ«ti Å¡Äda veida raksti kopumÄ. BÅ«Å¡u godÄ«ga - es neuzskatu, ka par daudziem cilvÄ“kiem Å¡ajÄ platformÄ bÅ«tu jÄveido raksti, tik daudzi cilvÄ“ki ir fake un video ir taisÄ«ti pÄrÄk samÄksloti (es nerunÄju konkrÄ“ti par Tevi Å¡obrÄ«d).
Ä»oti Å¾Ä“l, ka tÄ vietÄ, lai tieÅ¡Äm veltÄ«tu uzmanÄ«bu svarÄ«gÄm, globÄlÄm problÄ“mÄm, Å¾urnÄlisti raksta reÄlu huiÅ†u.",60,0,5.45
Emilija Young,https://www.youtube.com/watch?v=CixsCehB1BE,Lasu internetÄ rakstus par SEVI,Vareeji vairaak pakomenteet tos raxtus...ğŸ˜•ğŸ‘Œ,5,2,7.4
Emilija Young,https://www.youtube.com/watch?v=CixsCehB1BE,Lasu internetÄ rakstus par SEVI,"nabadziÅ†iem Å¾Ä“l, ka viÅ†us neredz otrpus raksta, tÄpÄ“c apzÄkÄ redzamos :) galvenais, pasmejies par viÅ†iem - viÅ†i raksta par Tevi!",20,0,5.45
Emilija Young,https://www.youtube.com/watch?v=CixsCehB1BE,Lasu internetÄ rakstus par SEVI,"Mana tava uzdrikstesanas patik. Tu centues iziet no ramjiem, likt parejiem ari kaut mazliet izkapt no savas ""kastes"" un paskatiities uz lietam savadak. You do what you do girl. Big love from UK. â¤ï¸â¤ï¸â¤ï¸",34,3,4.852941176470588
Emilija Young,https://www.youtube.com/watch?v=CixsCehB1BE,Lasu internetÄ rakstus par SEVI,Laps vidijo man patÄ«kğŸ‘ğŸ’ŸğŸ’ğŸ’ğŸ’ğŸ’ğŸ’—ğŸ’šğŸ’›ğŸ’›ğŸ’œğŸ’œğŸ’“ğŸ’”ğŸ’•ğŸ’–ğŸ’˜ğŸ’˜ğŸ’˜ğŸ’˜,4,20,4.5
Emilija Young,https://www.youtube.com/watch?v=CixsCehB1BE,Lasu internetÄ rakstus par SEVI,Interesanti :),2,0,6.5
Emilija Young,https://www.youtube.com/watch?v=CixsCehB1BE,Lasu internetÄ rakstus par SEVI,"TieÅ¡Äm nesaprotu, kapÄ“c vajag pat rakstÄ«t kautkÄdus stulbus rakstus. Like, tas Tauta runÄ profils ir pÄ“dÄ“jais baumu birojs! SÅ«ds kautkÄds, es Jums saku!
TieÅ¡Äm riebjÄs lasÄ«t kautkÄdus rakstus par Youtuberiem, piemÄ“ram, Lotu, Tevi, EmÄ«lij, vai EvelÄ«nu. 
PiemÄ“ram, paskatamies uz EvelÄ«nu. Ir 100 un 1 raksts par viÅ†u! Par katru nieku uzraksta, vÄ“l piepuÅ¡Ä·o klÄt! RiebjÄs! Vai tieÅ¡Äm nevar normÄli dzÄ«vot bez kautkÄdÄm stulbÄm baumÄm?! Uzraksta par EvelÄ«nu. ""Å iki nosvin pilngadÄ«bu"" Akd! Pirms kÄda laika bija ugunsgrÄ“ji Amazones meÅ¾Ä. UZ ROKAS VAR SASKAITÄªT CIK RAKSTUS VIÅ…I UZRAKSTIJA PAR TO!!Par visiem niekiem var rakstÄ«t, bst par lielÄm svarÄ«gÄm lietÄm vispÄr nevajag runÄt!!?? Neko noderÄ«bu nevar rakstÄ«t?! Like..??!?
Prieks, ka Tu rÄdi Å¡os rakstus. We're tired of this baumas!!",116,0,5.732758620689655
Emilija Young,https://www.youtube.com/watch?v=CixsCehB1BE,Lasu internetÄ rakstus par SEVI,"Piedod, ja netaktiski, bet nesekoju tavam kanÄlam tik ilgi,  ieskatÄ«jos tajos latvieÅ¡u tautas komentÄros (kÄ vienmÄ“r noÅ¾Ä“loju) - vai tÄ ir taisnÄ«ba, ka teici cilvÄ“kiem, ka pieÅ†Ä“mies svarÄ pÄ“c cÄ«Å†as ar vÄ“zi? TÄ ir patiesÄ«ba vai kÄrtÄ“jais tautas murgojums?",39,0,5.512820512820513
Emilija Young,https://www.youtube.com/watch?v=CixsCehB1BE,Lasu internetÄ rakstus par SEVI,"Lol ğŸ˜… par mani rakstÄ«ja un stÄstÄ«ja uz TV tikai Krievijas medijas ğŸ˜… un abos reizes viÅ†i paÅ†Ä“ma manus vÄrdus no konteksta (nu protams) un izmantoja tos propagandai; Ä·ip KRIEVIETE (lol, esmu latviete, bet acÄ«mredzot runÄju krieviski, tad varu bÅ«t tikai no Krievijas) STÄ€STA PAR ÄªSTU SLIKTU EIROPU (lol, esmu no Eiropas tik un tÄ, un neko nezinu par parasto dzÄ«vi KrivijÄ, bet nu lai bÅ«tu). Bet vienreiz es paliku nereÄli dusmÄ«ga, jo viÅ†i atkal visu, ko es pateicu savÄ video, izmantoja propagandai ğŸ¤ª rakstÄ«ju viÅ†iem, prasÄ«ju WTF, bet, protÄms, man neviens neatbildÄ“ja.",90,3,5.233333333333333
Emilija Young,https://www.youtube.com/watch?v=zR-Y4eAap8k,KrÄpÅ¡ana? - kÄ tikt pÄri krÄpÅ¡anai,"Ä»oooti noderÄ«gs video! Man Ä¼oti patika! Tu esi super iedvesmojoÅ¡a un jauka! Lai Tev veicas dzÄ«vÄ“!â¤ğŸ˜˜ğŸ™
Un man Ä¼oooti patika kÄda mÅ«zika bija fonÄ! TÄda mÄjÄ«ga, forÅ¡a  aesthetic noskaÅ†a uzreiz!â¤ğŸ‘ğŸŒ¹",30,6,5.233333333333333
Emilija Young,https://www.youtube.com/watch?v=zR-Y4eAap8k,KrÄpÅ¡ana? - kÄ tikt pÄri krÄpÅ¡anai,Es tad ari vairak nekrapsu!,5,0,4.6
Emilija Young,https://www.youtube.com/watch?v=zR-Y4eAap8k,KrÄpÅ¡ana? - kÄ tikt pÄri krÄpÅ¡anai,LÅ«dzu uztaisi video par saviem tetovÄ“jumiem,6,0,6.333333333333333
Emilija Young,https://www.youtube.com/watch?v=zR-Y4eAap8k,KrÄpÅ¡ana? - kÄ tikt pÄri krÄpÅ¡anai,KÄdu laineri tu izmanto? :),5,0,4.6
Emilija Young,https://www.youtube.com/watch?v=zR-Y4eAap8k,KrÄpÅ¡ana? - kÄ tikt pÄri krÄpÅ¡anai,"Tu izskaties, ka tev bÅ«tu middle life crisis ğŸ˜€",8,1,4.625
Emilija Young,https://www.youtube.com/watch?v=zR-Y4eAap8k,KrÄpÅ¡ana? - kÄ tikt pÄri krÄpÅ¡anai,"Ä»oti patÄ«k kÄ izsaki savas domas, viss bija teikts kodolÄ«gi un saprotami. TieÅ¡Äm liels paldies par iedvesmu, kuri sniedz.
P. S. Ä»oti krita ausÄ«s 'dienas beigÄs', iesaku tev pamÄ“Ä£inÄt 'galu galÄ' vai ko tamlÄ«dzÄ«gu, lai nebÅ«tu liela atkÄrtoÅ¡anÄs. TaÄu kÄ jau teicu liels paldies! :))",45,0,5.266666666666667
Emilija Young,https://www.youtube.com/watch?v=zR-Y4eAap8k,KrÄpÅ¡ana? - kÄ tikt pÄri krÄpÅ¡anai,Tu man uzlaboji garstavokli,4,0,6.0
Emilija Young,https://www.youtube.com/watch?v=zR-Y4eAap8k,KrÄpÅ¡ana? - kÄ tikt pÄri krÄpÅ¡anai,Uhh,1,0,3.0
Emilija Young,https://www.youtube.com/watch?v=zR-Y4eAap8k,KrÄpÅ¡ana? - kÄ tikt pÄri krÄpÅ¡anai,Omg tas ir tÄds vÄ“zisğŸ‚ğŸ‘,5,2,3.4
Emilija Young,https://www.youtube.com/watch?v=zR-Y4eAap8k,KrÄpÅ¡ana? - kÄ tikt pÄri krÄpÅ¡anai,"Nu ar manim bija tÄ ,kad 5gadus dzÄ«voju ar vÄ«rieti. ViÅ†Å¡ beigÄs atzinas, kad mani krapa 2 gadus ,un pateica ,ka viÅ†am tas ir iedzimts. Ak dievs. TÄ sirds sÄpÄ“ja. Bet nu.. esmu jau lÄ“nÄm tam gandrÄ«z tikusi pari. Tagad jau gadu man ir citas attiecÄ«bas:-)
Ä»oti labs Tavs video. Paldies.",51,0,4.568627450980392
Emilija Young,https://www.youtube.com/watch?v=zR-Y4eAap8k,KrÄpÅ¡ana? - kÄ tikt pÄri krÄpÅ¡anai,Tavs draugs tevi krap?,4,0,4.75
Emilija Young,https://www.youtube.com/watch?v=zR-Y4eAap8k,KrÄpÅ¡ana? - kÄ tikt pÄri krÄpÅ¡anai,gribÄ“tu zinÄrt to lopu vÄrdus un uzvÄrdus...sabiedrÄ«bas ienaidnieki ir jÄzina,10,0,6.8
Emilija Young,https://www.youtube.com/watch?v=nb8c1sD4svo,Fantas konkurss ! Uzvari vÄ“rtÄ«gas balvas ! ğŸ™†ğŸ¼â€â™€ï¸,Saja reize tev make-up neiskatas tik labi ka citi tavi make-up,11,0,4.7272727272727275
Emilija Young,https://www.youtube.com/watch?v=nb8c1sD4svo,Fantas konkurss ! Uzvari vÄ“rtÄ«gas balvas ! ğŸ™†ğŸ¼â€â™€ï¸,"Parasti nekomentÄ“ju, bet Å¡eit...Tik â€œÄ«zÄ«â€ , ja? ! Ieguvi no konkursa jau tikai Tu...ğŸ¤¦ğŸ»â€â™‚ï¸ nekÄdas uzticÄ«bas Tev, jo pÄrÄk daudz reklÄmas kopumÄ!",22,1,5.363636363636363
Emilija Young,https://www.youtube.com/watch?v=nb8c1sD4svo,Fantas konkurss ! Uzvari vÄ“rtÄ«gas balvas ! ğŸ™†ğŸ¼â€â™€ï¸,Luuupas ideaali paaarejais paarspiileetsğŸ‘…,4,1,9.25
Emilija Young,https://www.youtube.com/watch?v=nb8c1sD4svo,Fantas konkurss ! Uzvari vÄ“rtÄ«gas balvas ! ğŸ™†ğŸ¼â€â™€ï¸,Man nekad konkursos neveicas nekad neko neesmu vinnÄ“jusi  tp arÄ« nemÄ“Ä£inÄÅ¡u jo nav jegq,14,0,5.214285714285714
Emilija Young,https://www.youtube.com/watch?v=nb8c1sD4svo,Fantas konkurss ! Uzvari vÄ“rtÄ«gas balvas ! ğŸ™†ğŸ¼â€â™€ï¸,Laps vidijo man patÄ«k,4,0,4.5
Emilija Young,https://www.youtube.com/watch?v=nb8c1sD4svo,Fantas konkurss ! Uzvari vÄ“rtÄ«gas balvas ! ğŸ™†ğŸ¼â€â™€ï¸,Bet nu katrs dara kaa veelaas,6,0,4.0
Emilija Young,https://www.youtube.com/watch?v=BHZgMx1fONU,lasu jÅ«su noslÄ“pumus,jÅªs eSaT BiJuÅ i  w i l d  ğŸ‘ï¸ğŸ‘„ğŸ‘ï¸,8,3,2.375
Emilija Young,https://www.youtube.com/watch?v=BHZgMx1fONU,lasu jÅ«su noslÄ“pumus,Pls otro daÄ¼uğŸ¥°,3,1,3.6666666666666665
Emilija Young,https://www.youtube.com/watch?v=BHZgMx1fONU,lasu jÅ«su noslÄ“pumus,"Otro daÄ¼u, lÅ«dzu, bija interesanti skatÄ«ties! 
P.S. Tu Ä¼oti skaisti izskaties ar tiem gliterÄ«Å¡iem un bronzeri!ğŸ¤©â¤ğŸ‘Œ",16,3,5.875
Emilija Young,https://www.youtube.com/watch?v=BHZgMx1fONU,lasu jÅ«su noslÄ“pumus,Vajag velğŸ˜,2,1,4.0
Emilija Young,https://www.youtube.com/watch?v=BHZgMx1fONU,lasu jÅ«su noslÄ“pumus,gribu dalu 2,3,0,3.3333333333333335
Emilija Young,https://www.youtube.com/watch?v=BHZgMx1fONU,lasu jÅ«su noslÄ“pumus,Otro daÄ¼u!,2,0,4.5
Emilija Young,https://www.youtube.com/watch?v=BHZgMx1fONU,lasu jÅ«su noslÄ“pumus,obligaati 2 dalju jo sheit nepaspeeju savu nosleepumu izstaastiitğŸ˜‰,9,1,6.333333333333333
Emilija Young,https://www.youtube.com/watch?v=BHZgMx1fONU,lasu jÅ«su noslÄ“pumus,"Nu aiziet otro daÄ¼u, nepaspÄ“ju savu noslÄ“pumu izteikt ğŸ˜‚ğŸ™ˆ",8,2,5.75
Emilija Young,https://www.youtube.com/watch?v=BHZgMx1fONU,lasu jÅ«su noslÄ“pumus,LÅ«dzu 2 daÄ¼u,3,0,3.3333333333333335
Emilija Young,https://www.youtube.com/watch?v=BHZgMx1fONU,lasu jÅ«su noslÄ“pumus,ForÅ¡s video â¤,2,1,5.0
Emilija Young,https://www.youtube.com/watch?v=BHZgMx1fONU,lasu jÅ«su noslÄ“pumus,2. DaÄ¼u â¤,2,1,3.0
Emilija Young,https://www.youtube.com/watch?v=BHZgMx1fONU,lasu jÅ«su noslÄ“pumus,FirstğŸ’“ğŸ¥µ,1,2,5.0
Emilija Young,https://www.youtube.com/watch?v=BHZgMx1fONU,lasu jÅ«su noslÄ“pumus,noslÄ“pums: Es zinu ka es savai bff esmu fake bet es viÅ†ai to nesaku zinu jo viÅ†a daudz man melo un cenÅ¡as bÅ«t necieÅ¡ama.un skolÄ tÄ Ä«sti neviens nesaprot kas ir BFF viÅ†iem tas ir draugs uz 2-5 dienas.,39,0,4.153846153846154
Emilija Young,https://www.youtube.com/watch?v=BHZgMx1fONU,lasu jÅ«su noslÄ“pumus,Tavs bronzeris ir mazliet par tumÅ¡u.Nav heits mans viedoklis.,9,0,5.888888888888889
Emilija Young,https://www.youtube.com/watch?v=BHZgMx1fONU,lasu jÅ«su noslÄ“pumus,SuperÄ«gs video ğŸ‘,2,1,6.5
Emilija Young,https://www.youtube.com/watch?v=BHZgMx1fONU,lasu jÅ«su noslÄ“pumus,"Å is, manuprÄt, ir viens no labÄkajiem video, ko esmu redzÄ“jusi Å¡ajÄ kanÄlÄ.. Gaidu otro daÄ¼u, visu laiku smÄ“jos. TieÅ¡Äm labs contents... â¤ï¸ğŸ˜ğŸ˜‚ğŸ˜ğŸ˜‡",22,5,5.318181818181818
Emilija Young,https://www.youtube.com/watch?v=BHZgMx1fONU,lasu jÅ«su noslÄ“pumus,2. DaÄ¼u,2,0,3.0
Emilija Young,https://www.youtube.com/watch?v=BHZgMx1fONU,lasu jÅ«su noslÄ“pumus,Kas par spÄ«dumiÅ†iem uz plakstiÅ†iem?ğŸ˜Š P.S labs video,8,1,5.375
Emilija Young,https://www.youtube.com/watch?v=BHZgMx1fONU,lasu jÅ«su noslÄ“pumus,Davai otro daÄ¼u! Pat nezinu Tavu Instagram un nepaspÄ“ju ierakstÄ«t savu noslÄ“pumu!ğŸ˜…,12,1,5.833333333333333
Emilija Young,https://www.youtube.com/watch?v=BHZgMx1fONU,lasu jÅ«su noslÄ“pumus,"Tu esi vislabÄkÄ!Lai tev arÄ« turpmÄk pietiek iedvesmas radoÅ¡am darbam.Paldies, par taviem video!Paldies ,ka tu tos publicÄ“  tik regulÄri un tik aprÄ«nojami augstÄ kvalitÄtÄ“.MÄ«lu tavus story time.",27,0,6.185185185185185
Emilija Young,https://www.youtube.com/watch?v=BHZgMx1fONU,lasu jÅ«su noslÄ“pumus,Ikdiena,1,0,7.0
Emilija Young,https://www.youtube.com/watch?v=BHZgMx1fONU,lasu jÅ«su noslÄ“pumus,Idiote,1,0,6.0
Emilija Young,https://www.youtube.com/watch?v=S1SqLWV1bYg,BOYFRIEND tag (atbildam uz jÅ«su jautÄjumiem),"Tu esi tik mierÄ«ga viÅ†am blakus. Var redzÄ“t, ka viÅ†Å¡ tavÄ dvÄ“selÄ“ ievieÅ¡ mieru. Prieks par jums â¤ï¸",18,1,4.444444444444445
Emilija Young,https://www.youtube.com/watch?v=S1SqLWV1bYg,BOYFRIEND tag (atbildam uz jÅ«su jautÄjumiem),JÅ«s esat tik mÄ«lÄ«gs pÄrÄ«tsğŸ˜©â¤ï¸â¤ï¸â¤ï¸â¤ï¸,5,5,5.2
Emilija Young,https://www.youtube.com/watch?v=S1SqLWV1bYg,BOYFRIEND tag (atbildam uz jÅ«su jautÄjumiem),MÄrtiÅ†Å¡ izskatÄs pÄ“c Ä¼oti jauka cilvÄ“ka. :) ForÅ¡s pÄris. :) Visu to labÄko. :),14,0,4.642857142857143
Emilija Young,https://www.youtube.com/watch?v=S1SqLWV1bYg,BOYFRIEND tag (atbildam uz jÅ«su jautÄjumiem),VajadzÄ“tu arÄ«  GIRLFRIEND  TAG,4,0,6.25
Emilija Young,https://www.youtube.com/watch?v=S1SqLWV1bYg,BOYFRIEND tag (atbildam uz jÅ«su jautÄjumiem),"EmÄ«lija ""Ä»auÅ¡u MÄrtiÅ†am izteikt savu viedokli, jo es savu izsaku visu laiku""
Otrais jautÄjums- Atbild EmÄ«lijağŸ¤£ğŸ¤£ğŸ¤£",16,3,5.875
Emilija Young,https://www.youtube.com/watch?v=S1SqLWV1bYg,BOYFRIEND tag (atbildam uz jÅ«su jautÄjumiem),MÄ«Ä¼iâ¤ï¸â¤ï¸â¤ï¸,1,3,7.0
Emilija Young,https://www.youtube.com/watch?v=S1SqLWV1bYg,BOYFRIEND tag (atbildam uz jÅ«su jautÄjumiem),LÅ«dzu 2.daÄ¼u!â¤,2,1,6.0
Emilija Young,https://www.youtube.com/watch?v=S1SqLWV1bYg,BOYFRIEND tag (atbildam uz jÅ«su jautÄjumiem),Jaa 2. daÄ¼u.,3,0,3.3333333333333335
Emilija Young,https://www.youtube.com/watch?v=S1SqLWV1bYg,BOYFRIEND tag (atbildam uz jÅ«su jautÄjumiem),MÄrtiÅ†am acis atÅ¡Ä·irÄ«gÄs krÄsÄs?,4,0,7.25
Emilija Young,https://www.youtube.com/watch?v=S1SqLWV1bYg,BOYFRIEND tag (atbildam uz jÅ«su jautÄjumiem),"JÅ«s savÄ ziÅ†Ä esat lÄ«dzÄ«gi,piemÄ«lÄ«gi!â¤ï¸",5,1,6.8
Emilija Young,https://www.youtube.com/watch?v=S1SqLWV1bYg,BOYFRIEND tag (atbildam uz jÅ«su jautÄjumiem),"Cik jauks pÄris! Ilgi un laimÄ«gi, es ar savu MÄrtiÅ†u jau 6 gadus ! :D Tie MÄrtiÅ†i ir tÄdi mÄ«lÄ«gi un forÅ¡i!",22,0,3.8636363636363638
Emilija Young,https://www.youtube.com/watch?v=S1SqLWV1bYg,BOYFRIEND tag (atbildam uz jÅ«su jautÄjumiem),2.daÄ¼u. JÅ«s esat tik cute kopÄ!â¤ï¸ Turaties!ğŸ˜Š,7,2,5.142857142857143
Emilija Young,https://www.youtube.com/watch?v=S1SqLWV1bYg,BOYFRIEND tag (atbildam uz jÅ«su jautÄjumiem),JÅ«s abi kopÄ esat tik mÄ«lÄ«gi! ğŸ˜ MÄrtiÅ†Å¡ tikai nedaudz sakautrÄ“jues no kameras ğŸ˜Š,12,2,5.333333333333333
Emilija Young,https://www.youtube.com/watch?v=S1SqLWV1bYg,BOYFRIEND tag (atbildam uz jÅ«su jautÄjumiem),â¤ï¸,1,1,1.0
Emilija Young,https://www.youtube.com/watch?v=S1SqLWV1bYg,BOYFRIEND tag (atbildam uz jÅ«su jautÄjumiem),"JÅ«s esat tik mÄ«lÄ«gi!â¤ï¸â¤ï¸â¤ï¸ Tavs puisis man atgÄdina Scott Hoying, patiesÄ«bÄ pat Ä¼oti lÄ«dzÄ«giğŸ‘ğŸ¼",14,4,5.428571428571429
Emilija Young,https://www.youtube.com/watch?v=S1SqLWV1bYg,BOYFRIEND tag (atbildam uz jÅ«su jautÄjumiem),Ar nepacietÄ«bu gaidu 2tro daÄ¼u.ğŸ¤—ğŸ˜ğŸ˜˜,5,3,5.4
Emilija Young,https://www.youtube.com/watch?v=S1SqLWV1bYg,BOYFRIEND tag (atbildam uz jÅ«su jautÄjumiem),Pls 2.daÄ¼uğŸ’–,2,1,4.5
Emilija Young,https://www.youtube.com/watch?v=S1SqLWV1bYg,BOYFRIEND tag (atbildam uz jÅ«su jautÄjumiem),NovÄ“lu ikvienam atrast savu uz ko varÄ“tu skatÄ«ties tÄ kÄ EmÄ«lija skatÄs uz MÄrtiÅ†u â¤ï¸,15,1,4.666666666666667
Emilija Young,https://www.youtube.com/watch?v=S1SqLWV1bYg,BOYFRIEND tag (atbildam uz jÅ«su jautÄjumiem),Cuuuteeee and couple goals â¤ğŸ’¯ğŸ“¢ noteikti 2 daÄ¼u! ğŸ•Š,7,4,5.285714285714286
Emilija Young,https://www.youtube.com/watch?v=S1SqLWV1bYg,BOYFRIEND tag (atbildam uz jÅ«su jautÄjumiem),gaidu ar nepacietÄ«bu â¤ï¸,4,1,4.75
Emilija Young,https://www.youtube.com/watch?v=S1SqLWV1bYg,BOYFRIEND tag (atbildam uz jÅ«su jautÄjumiem),Awww......  JÅ«s izskatÄties tik miligi kopÄ... Juu vajag 2 daÄ¼uğŸ’ğŸ’ğŸ’ğŸ’ğŸ’‹,10,5,5.3
Emilija Young,https://www.youtube.com/watch?v=S1SqLWV1bYg,BOYFRIEND tag (atbildam uz jÅ«su jautÄjumiem),You look sooo in love ğŸ˜,5,1,3.4
Emilija Young,https://www.youtube.com/watch?v=S1SqLWV1bYg,BOYFRIEND tag (atbildam uz jÅ«su jautÄjumiem),TÄdi kautrÄ«gi- mÄ«lÄ«giğŸ˜Š,3,1,6.333333333333333
Emilija Young,https://www.youtube.com/watch?v=S1SqLWV1bYg,BOYFRIEND tag (atbildam uz jÅ«su jautÄjumiem),2 daÄ¼uâ¤ï¸,2,1,3.0
Emilija Young,https://www.youtube.com/watch?v=S1SqLWV1bYg,BOYFRIEND tag (atbildam uz jÅ«su jautÄjumiem),Teu vins obligatu japrec!,4,0,5.5
Emilija Young,https://www.youtube.com/watch?v=S1SqLWV1bYg,BOYFRIEND tag (atbildam uz jÅ«su jautÄjumiem),JÅ«s kopÄ esat burvÄ«gi!! â¤ï¸,5,1,4.2
Emilija Young,https://www.youtube.com/watch?v=S1SqLWV1bYg,BOYFRIEND tag (atbildam uz jÅ«su jautÄjumiem),LÅ«dzu 2 daÄ¼u gaidÄ«Å¡u â¤,4,1,4.25
Emilija Young,https://www.youtube.com/watch?v=S1SqLWV1bYg,BOYFRIEND tag (atbildam uz jÅ«su jautÄjumiem),2 daÄ¼uğŸ’– ljoti intresants videoğŸ‘,5,2,5.0
Emilija Young,https://www.youtube.com/watch?v=S1SqLWV1bYg,BOYFRIEND tag (atbildam uz jÅ«su jautÄjumiem),"Otro daÄ¼u, obligÄti! ğŸ˜Š",3,1,6.0
Emilija Young,https://www.youtube.com/watch?v=S1SqLWV1bYg,BOYFRIEND tag (atbildam uz jÅ«su jautÄjumiem),Cik gadu jums strapiba?,4,0,5.0
Emilija Young,https://www.youtube.com/watch?v=S1SqLWV1bYg,BOYFRIEND tag (atbildam uz jÅ«su jautÄjumiem),"Ä»oti jauks video! Var redzÄ“t, ka esat iemÄ«lejuÅ¡ies! ğŸ¥° prieks par Jums!",11,1,5.2727272727272725
Emilija Young,https://www.youtube.com/watch?v=S1SqLWV1bYg,BOYFRIEND tag (atbildam uz jÅ«su jautÄjumiem),"Tiiik Ä¼otii forÅ¡ii izskataties kopÄa, akk vaiiğŸ˜»â˜º",7,2,5.714285714285714
Emilija Young,https://www.youtube.com/watch?v=S1SqLWV1bYg,BOYFRIEND tag (atbildam uz jÅ«su jautÄjumiem),Tik tik mÄ«Ä¼i izskataties kopÄ.! ğŸ’•,5,1,5.4
Emilija Young,https://www.youtube.com/watch?v=S1SqLWV1bYg,BOYFRIEND tag (atbildam uz jÅ«su jautÄjumiem),JÅ«s esat forÅ¡ pÄrisğŸ˜. Vajag otro daÄ¼u,7,1,4.285714285714286
Emilija Young,https://www.youtube.com/watch?v=S1SqLWV1bYg,BOYFRIEND tag (atbildam uz jÅ«su jautÄjumiem),Otro daÄ¼u studijÄ! +++,4,0,4.75
Emilija Young,https://www.youtube.com/watch?v=S1SqLWV1bYg,BOYFRIEND tag (atbildam uz jÅ«su jautÄjumiem),Oo jÅ«s esat tik mÄ«lÄ«gs pÄris turpiniet tÄ tik malacÄ«Å¡i ğŸŒ¹â¤ï¸â¤ï¸,11,3,4.2727272727272725
Emilija Young,https://www.youtube.com/watch?v=S1SqLWV1bYg,BOYFRIEND tag (atbildam uz jÅ«su jautÄjumiem),Noteikti 2.daÄ¼u ! ğŸ˜ğŸ˜ğŸ˜ğŸ˜ BurvÄ«gs pÄris !,6,4,4.666666666666667
Emilija Young,https://www.youtube.com/watch?v=S1SqLWV1bYg,BOYFRIEND tag (atbildam uz jÅ«su jautÄjumiem),"Oo super man patika, bet lauj Martinam vairak runat",9,0,4.777777777777778
Emilija Young,https://www.youtube.com/watch?v=S1SqLWV1bYg,BOYFRIEND tag (atbildam uz jÅ«su jautÄjumiem),ForÅ¡i!,1,0,6.0
Emilija Young,https://www.youtube.com/watch?v=S1SqLWV1bYg,BOYFRIEND tag (atbildam uz jÅ«su jautÄjumiem),"Protams otro daÄ¼u,jauks cilvÄ“ks,superigs pÄris",5,0,8.4
Emilija Young,https://www.youtube.com/watch?v=S1SqLWV1bYg,BOYFRIEND tag (atbildam uz jÅ«su jautÄjumiem),Gribu redzÄ“t plz uztaisi,4,0,5.25
Emilija Young,https://www.youtube.com/watch?v=S1SqLWV1bYg,BOYFRIEND tag (atbildam uz jÅ«su jautÄjumiem),2. dalu atrÄk,3,0,3.6666666666666665
Emilija Young,https://www.youtube.com/watch?v=S1SqLWV1bYg,BOYFRIEND tag (atbildam uz jÅ«su jautÄjumiem),Ko,1,0,2.0
Emilija Young,https://www.youtube.com/watch?v=S1SqLWV1bYg,BOYFRIEND tag (atbildam uz jÅ«su jautÄjumiem),Otru daÄ¼u,2,0,4.0
Emilija Young,https://www.youtube.com/watch?v=S1SqLWV1bYg,BOYFRIEND tag (atbildam uz jÅ«su jautÄjumiem),"Vareja redzet, ka vins loti uztraucies!",6,0,5.666666666666667
Emilija Young,https://www.youtube.com/watch?v=S1SqLWV1bYg,BOYFRIEND tag (atbildam uz jÅ«su jautÄjumiem),NeÅ†em Ä¼aunÄ bet MÄrtiÅ†Å¡ man likÄs diezgan ierobeÅ¾ots,8,0,5.625
Emilija Young,https://www.youtube.com/watch?v=S1SqLWV1bYg,BOYFRIEND tag (atbildam uz jÅ«su jautÄjumiem),OTRO DAÄ»UUUUU,2,0,6.0
Emilija Young,https://www.youtube.com/watch?v=S1SqLWV1bYg,BOYFRIEND tag (atbildam uz jÅ«su jautÄjumiem),LÅ«dzu 2 daÄ¼u,3,0,3.3333333333333335
Emilija Young,https://www.youtube.com/watch?v=S1SqLWV1bYg,BOYFRIEND tag (atbildam uz jÅ«su jautÄjumiem),No hate bet tas mÄrtiÅ†Å¡ pÄ“c zilÄ  no hate,9,0,3.5555555555555554
Emilija Young,https://www.youtube.com/watch?v=S1SqLWV1bYg,BOYFRIEND tag (atbildam uz jÅ«su jautÄjumiem),Omagad tu esi dzÄ«va,4,0,4.0
Emilija Young,https://www.youtube.com/watch?v=S1SqLWV1bYg,BOYFRIEND tag (atbildam uz jÅ«su jautÄjumiem),Omg tev ir puisis,4,0,3.5
Emilija Young,https://www.youtube.com/watch?v=S1SqLWV1bYg,BOYFRIEND tag (atbildam uz jÅ«su jautÄjumiem),"ÄŒau,mopÄ“d!",1,0,10.0
Emilija Young,https://www.youtube.com/watch?v=S1SqLWV1bYg,BOYFRIEND tag (atbildam uz jÅ«su jautÄjumiem),vins nau gejs??? kur tada balss???,6,0,4.833333333333333
Emilija Young,https://www.youtube.com/watch?v=Ys1Bc1q_kXg,"kÄ es filmÄ“jos priekÅ¡ televÄ«zijas VLOGS / ft. Armis.j ,LaurlÄcis , Rojs RodÅ¾ers",kÄpÄ“c mÅ«zika ir tik briesmÄ«ga?,5,0,5.2
Emilija Young,https://www.youtube.com/watch?v=Ys1Bc1q_kXg,"kÄ es filmÄ“jos priekÅ¡ televÄ«zijas VLOGS / ft. Armis.j ,LaurlÄcis , Rojs RodÅ¾ers","Ausis sÄka asiÅ†ot, kad sÄka skanÄ“t mÅ«zika.",7,0,5.142857142857143
Emilija Young,https://www.youtube.com/watch?v=Ys1Bc1q_kXg,"kÄ es filmÄ“jos priekÅ¡ televÄ«zijas VLOGS / ft. Armis.j ,LaurlÄcis , Rojs RodÅ¾ers","Man ir padoms , lai rozes stÄvÄ“tu ilgak ğŸ’•: ir jÄapgrieÅ¾ kÄti un jaieliek karstÄ Å«denÄ« ğŸ™ man no izlaiduma  visas rozes turÄ“jÄs menesi ğŸ¥°",23,3,4.608695652173913
Emilija Young,https://www.youtube.com/watch?v=Ys1Bc1q_kXg,"kÄ es filmÄ“jos priekÅ¡ televÄ«zijas VLOGS / ft. Armis.j ,LaurlÄcis , Rojs RodÅ¾ers",Jauks video! ObligÄti skatÄ«Å¡os Å¡ovu septembrÄ«! Nevaru sagaidÄ«t!!â¤â¤â¤,8,3,7.125
Emilija Young,https://www.youtube.com/watch?v=Ys1Bc1q_kXg,"kÄ es filmÄ“jos priekÅ¡ televÄ«zijas VLOGS / ft. Armis.j ,LaurlÄcis , Rojs RodÅ¾ers","Ja liec mÅ«ziku video, tad izvÄ“lies kvalitatÄ«vu, tÄ ÄirkstoÅ†a ir neizturama",11,0,5.818181818181818
Emilija Young,https://www.youtube.com/watch?v=Ys1Bc1q_kXg,"kÄ es filmÄ“jos priekÅ¡ televÄ«zijas VLOGS / ft. Armis.j ,LaurlÄcis , Rojs RodÅ¾ers",ForÅ¡s video!â¤ğŸ’•,2,2,5.5
Emilija Young,https://www.youtube.com/watch?v=Ys1Bc1q_kXg,"kÄ es filmÄ“jos priekÅ¡ televÄ«zijas VLOGS / ft. Armis.j ,LaurlÄcis , Rojs RodÅ¾ers",Ar kÄdu vÄcu grupu tu filmÄ“sies ?,7,0,3.857142857142857
Emilija Young,https://www.youtube.com/watch?v=Ys1Bc1q_kXg,"kÄ es filmÄ“jos priekÅ¡ televÄ«zijas VLOGS / ft. Armis.j ,LaurlÄcis , Rojs RodÅ¾ers","Tu esi tik,tik skaista!â¤ï¸ğŸ¥°ğŸ‘ŒğŸ»",4,3,5.25
Emilija Young,https://www.youtube.com/watch?v=Ys1Bc1q_kXg,"kÄ es filmÄ“jos priekÅ¡ televÄ«zijas VLOGS / ft. Armis.j ,LaurlÄcis , Rojs RodÅ¾ers",i want mooooreeeee :) super vlogs,6,0,4.666666666666667
Emilija Young,https://www.youtube.com/watch?v=Ys1Bc1q_kXg,"kÄ es filmÄ“jos priekÅ¡ televÄ«zijas VLOGS / ft. Armis.j ,LaurlÄcis , Rojs RodÅ¾ers","RozÄ“m gali jÄnogrieÅ¾, vismaz 5 cm",6,0,4.666666666666667
Emilija Young,https://www.youtube.com/watch?v=Ys1Bc1q_kXg,"kÄ es filmÄ“jos priekÅ¡ televÄ«zijas VLOGS / ft. Armis.j ,LaurlÄcis , Rojs RodÅ¾ers",ForÅ¡ video man patÄ«k ğŸ‘,4,1,4.25
Emilija Young,https://www.youtube.com/watch?v=Ys1Bc1q_kXg,"kÄ es filmÄ“jos priekÅ¡ televÄ«zijas VLOGS / ft. Armis.j ,LaurlÄcis , Rojs RodÅ¾ers","Yeeees, pÄ“c tam ieliec linku ar to grupas video, kur tu filmÄ“sies. Un nevaru sagaidÄ«t Å¡ovu. ğŸŒ Labs video, kÄ parasti :))",21,1,4.666666666666667
Emilija Young,https://www.youtube.com/watch?v=Ys1Bc1q_kXg,"kÄ es filmÄ“jos priekÅ¡ televÄ«zijas VLOGS / ft. Armis.j ,LaurlÄcis , Rojs RodÅ¾ers",Loti forsh video!,3,0,5.0
Emilija Young,https://www.youtube.com/watch?v=Ys1Bc1q_kXg,"kÄ es filmÄ“jos priekÅ¡ televÄ«zijas VLOGS / ft. Armis.j ,LaurlÄcis , Rojs RodÅ¾ers",Ka Tu loko matus?,4,0,3.5
Emilija Young,https://www.youtube.com/watch?v=Ys1Bc1q_kXg,"kÄ es filmÄ“jos priekÅ¡ televÄ«zijas VLOGS / ft. Armis.j ,LaurlÄcis , Rojs RodÅ¾ers","VienkÄrÅ¡i daudzi latvieÅ¡i ir pretÄ«gi, rupji un bezkaunÄ«gi cilvÄ“ki.",9,0,6.444444444444445
Emilija Young,https://www.youtube.com/watch?v=Ys1Bc1q_kXg,"kÄ es filmÄ“jos priekÅ¡ televÄ«zijas VLOGS / ft. Armis.j ,LaurlÄcis , Rojs RodÅ¾ers",Tak neliec to mÅ«ziku. Drausmas ğŸ™„ğŸ™„ğŸ™„,5,3,5.2
Emilija Young,https://www.youtube.com/watch?v=Ys1Bc1q_kXg,"kÄ es filmÄ“jos priekÅ¡ televÄ«zijas VLOGS / ft. Armis.j ,LaurlÄcis , Rojs RodÅ¾ers","Sveika. Vlogu bija patÄ«kami  un interesanti skatÄ«ties, taÄu tÄ muzika bija pÄrÄk skaÄ¼a un viÅ†a traucÄ“ja, manuprÄt,  nÄkamreiz varÄ“tu mÅ«ziku nelikt vai arÄ« uztaisÄ«t klusÄku. ))",26,0,5.6923076923076925
Emilija Young,https://www.youtube.com/watch?v=Ys1Bc1q_kXg,"kÄ es filmÄ“jos priekÅ¡ televÄ«zijas VLOGS / ft. Armis.j ,LaurlÄcis , Rojs RodÅ¾ers",Tu esi dzÄ«ve?,3,0,3.6666666666666665
Emilija Young,https://www.youtube.com/watch?v=Ys1Bc1q_kXg,"kÄ es filmÄ“jos priekÅ¡ televÄ«zijas VLOGS / ft. Armis.j ,LaurlÄcis , Rojs RodÅ¾ers",-ausis,1,0,6.0
Emilija Young,https://www.youtube.com/watch?v=Ys1Bc1q_kXg,"kÄ es filmÄ“jos priekÅ¡ televÄ«zijas VLOGS / ft. Armis.j ,LaurlÄcis , Rojs RodÅ¾ers",rip,1,0,3.0
Emilija Young,https://www.youtube.com/watch?v=Ys1Bc1q_kXg,"kÄ es filmÄ“jos priekÅ¡ televÄ«zijas VLOGS / ft. Armis.j ,LaurlÄcis , Rojs RodÅ¾ers","Un vai nav pretlikumÄ«gi, ka rÄdi jau labu laiku pirms, par Å¡ovu, kas nav publicÄ“ts, ka sÄks bÅ«t Ä“terÄ un rÄdi, kas tajÄ notiks?",24,0,4.333333333333333
Emilija Young,https://www.youtube.com/watch?v=Ys1Bc1q_kXg,"kÄ es filmÄ“jos priekÅ¡ televÄ«zijas VLOGS / ft. Armis.j ,LaurlÄcis , Rojs RodÅ¾ers",Tev ir balss kaa leai elui,6,0,3.5
Emilija Young,https://www.youtube.com/watch?v=Ys1Bc1q_kXg,"kÄ es filmÄ“jos priekÅ¡ televÄ«zijas VLOGS / ft. Armis.j ,LaurlÄcis , Rojs RodÅ¾ers",vai tu speci'ali ieliki t'adu muziku lai ausis sap?,9,0,4.777777777777778
Emilija Young,https://www.youtube.com/watch?v=Ys1Bc1q_kXg,"kÄ es filmÄ“jos priekÅ¡ televÄ«zijas VLOGS / ft. Armis.j ,LaurlÄcis , Rojs RodÅ¾ers",RIP,1,0,3.0
Emilija Young,https://www.youtube.com/watch?v=Ys1Bc1q_kXg,"kÄ es filmÄ“jos priekÅ¡ televÄ«zijas VLOGS / ft. Armis.j ,LaurlÄcis , Rojs RodÅ¾ers",StilÄ«ga un smiegligi yutubere,4,0,6.5
Emilija Young,https://www.youtube.com/watch?v=4SUubsxjq9U,"par to kÄ man salauza sirdi un jÄ, es esmu muÄ¼Ä·Ä«te / STORYTIME","Es tikkai nesen atradinÄjos no naivas ticÄ“Å¡anas vÄ«rieÅ¡iem. No naivas ticÄ“Å¡anas, pieÄ·erÅ¡anÄs. Esmu gÄjusi cauri tam kam Tu tagad un tici man, ar laiku paliks vieglÄk un sapratÄ«si kas ir balts un kas melns. BÅ«s labi!",36,0,4.972222222222222
Emilija Young,https://www.youtube.com/watch?v=4SUubsxjq9U,"par to kÄ man salauza sirdi un jÄ, es esmu muÄ¼Ä·Ä«te / STORYTIME","Man visvairÄk patÄ«k tie Tavi video, arÄ« Å¡is, kuros Tu esi patieÅ¡Äm patiesa, un to var sajust. ğŸ˜˜ğŸ¤—ğŸ’",17,3,4.529411764705882
Emilija Young,https://www.youtube.com/watch?v=4SUubsxjq9U,"par to kÄ man salauza sirdi un jÄ, es esmu muÄ¼Ä·Ä«te / STORYTIME",Jus tikko vel bijat kopa. Cik bedigi. Tu esi pelnijusi ko labako!,12,0,4.5
Emilija Young,https://www.youtube.com/watch?v=4SUubsxjq9U,"par to kÄ man salauza sirdi un jÄ, es esmu muÄ¼Ä·Ä«te / STORYTIME","EmÄ«lij, meitÄ“n, gribÄ“ju tikai pateikt, ka esi Ä¼oti skaista, cilvÄ“ciska, jauka meitene ar skaistu balsi. Skatoties daÅ¾us Tavus video, tieÅ¡i tajos, kur esi bez meikapa, dabiska, esi visskaistÄkÄ, jo dabiska un patiesa.",32,0,5.78125
Emilija Young,https://www.youtube.com/watch?v=4SUubsxjq9U,"par to kÄ man salauza sirdi un jÄ, es esmu muÄ¼Ä·Ä«te / STORYTIME",ğŸ¤£ğŸ˜‚ğŸ‘ŒğŸ‘ es jibal !  vaaaaau,4,4,3.75
Emilija Young,https://www.youtube.com/watch?v=4SUubsxjq9U,"par to kÄ man salauza sirdi un jÄ, es esmu muÄ¼Ä·Ä«te / STORYTIME",Tam puisim laikam bija zem 18,6,0,4.0
Emilija Young,https://www.youtube.com/watch?v=4SUubsxjq9U,"par to kÄ man salauza sirdi un jÄ, es esmu muÄ¼Ä·Ä«te / STORYTIME","3:37 ,tÄpÄ“c esi Å¡eit, lÅ«dzu",5,0,4.6
Emilija Young,https://www.youtube.com/watch?v=4SUubsxjq9U,"par to kÄ man salauza sirdi un jÄ, es esmu muÄ¼Ä·Ä«te / STORYTIME","mÄ«Ä¼Ä, tam ÄalÄ«tim ir psihiskas problÄ“mas, viÅ†Å¡ ir bipolar",9,0,5.444444444444445
Emilija Young,https://www.youtube.com/watch?v=4SUubsxjq9U,"par to kÄ man salauza sirdi un jÄ, es esmu muÄ¼Ä·Ä«te / STORYTIME",EmÄ«lija ja izÅ¡Ä·Ä«rÄs draugi nevar bÅ«t tas nav iespÄ“jams jo ir naids neapzinÄts un nevar mÄ«lÄ“t un bÅ«t tikai draugi man arÄ« tas beidzÄs sÄpÄ«gi.,25,0,4.64
Emilija Young,https://www.youtube.com/watch?v=4SUubsxjq9U,"par to kÄ man salauza sirdi un jÄ, es esmu muÄ¼Ä·Ä«te / STORYTIME","DiemÅ¾Ä“l izklausÄs, ka nebiji norÄdÄ«jusi skaidras robeÅ¾as otram cilvÄ“kam kÄ ar tevi var un nevar apieties. :( Otrs cilvÄ“ks pÄrbaudÄ«ja tevi sakot ko vÄ“lies dzirdÄ“t, un sapratis, ka tu tici visam ko tev saka, vairs necienÄ«ja tevi...NepÄrdzÄ«vo, laiks visu dziedÄ“ un tev viss vel priekÅ¡Ä. ;)",46,0,5.239130434782608
Emilija Young,https://www.youtube.com/watch?v=4SUubsxjq9U,"par to kÄ man salauza sirdi un jÄ, es esmu muÄ¼Ä·Ä«te / STORYTIME","paldies, ka dalies ar Å¡o visu! zini, ka Tu esi tÄda, kÄdai jÄbÅ«t:))))",13,0,4.384615384615385
Emilija Young,https://www.youtube.com/watch?v=4SUubsxjq9U,"par to kÄ man salauza sirdi un jÄ, es esmu muÄ¼Ä·Ä«te / STORYTIME","Labs, pamÄcoÅ¡s stÄsts! IzklausÄs ka esi bijusi sapinusies ar sÄtanu. ArÄ« tas pazÄ«st Dievu. KÄdreiz arÄ« sÄtans bija enÄ£elis, bet tad Dievs viÅ†u izmeta no paradÄ«zes ğŸ˜© Esi uzmanÄ«ga!",28,1,5.321428571428571
Emilija Young,https://www.youtube.com/watch?v=4SUubsxjq9U,"par to kÄ man salauza sirdi un jÄ, es esmu muÄ¼Ä·Ä«te / STORYTIME","Pati piestrÄdÄju PozÄ«tÄ« un Å¡Ä·iet redzÄ“ju tevi tÃ lumÄ,...jÄ,izskatijies tukÅ¡a,apmaldÄ«jusies sevÄ«, Å¡Ä·iet tagad rasts tam izskaidrojums. 
TapÄ“c nevaram mÄ“s spriest cilvÃ¨kus pÄ“c tÃ  ko redzam, aizkadrÃ  kas notiek ir liels sareÅ¾Ä£Ä«ts stÄsts,ko tikai pats zin vislabÃ k",35,0,6.428571428571429
Emilija Young,https://www.youtube.com/watch?v=4SUubsxjq9U,"par to kÄ man salauza sirdi un jÄ, es esmu muÄ¼Ä·Ä«te / STORYTIME","Vai tu varÄ“tu,lÅ«dzu, pastÄstÄ«t kaut ko vairÄk par savu dzeju?",10,0,5.2
Emilija Young,https://www.youtube.com/watch?v=4SUubsxjq9U,"par to kÄ man salauza sirdi un jÄ, es esmu muÄ¼Ä·Ä«te / STORYTIME",Ka var milet kadu parak ilgi. Vai nu all in vai nu nemas,13,0,3.3846153846153846
Emilija Young,https://www.youtube.com/watch?v=4SUubsxjq9U,"par to kÄ man salauza sirdi un jÄ, es esmu muÄ¼Ä·Ä«te / STORYTIME",Ir ok,2,0,2.0
Emilija Young,https://www.youtube.com/watch?v=4SUubsxjq9U,"par to kÄ man salauza sirdi un jÄ, es esmu muÄ¼Ä·Ä«te / STORYTIME",Neskati vÄ«ru no cepures!,4,0,5.25
Emilija Young,https://www.youtube.com/watch?v=4SUubsxjq9U,"par to kÄ man salauza sirdi un jÄ, es esmu muÄ¼Ä·Ä«te / STORYTIME","ooo yaa, lÄ«dzÄ«gi situÄcija man ir! Å…u, labi mani neapsaukÄ bieÅ¾i, bet ir... es arÄ« Ä¼oti bieÅ¾i raudu, kÄ arÄ« daudz strÄ«damies. bet es nevaru viÅ†u pamest, man liekas ka citam es tÄ nepatikÅ¡u, un nemÄ«lees mani! vnk  rozÄ brilles, bet ies laiks un, manuprÄt, tÄs pazudÄ«",47,0,4.638297872340425
Emilija Young,https://www.youtube.com/watch?v=4SUubsxjq9U,"par to kÄ man salauza sirdi un jÄ, es esmu muÄ¼Ä·Ä«te / STORYTIME","Å is varbÅ«t nebÅ«s tas , ko vÄ“lies dzirdÄ“t . Beet es nesaprotu ... Tu tak dzÄ«vÄ“ esi uz tik daudz grÄbekÄ¼iem kÄpusi un pieredzi guvusi , arÄ« man tÄ ir , bet dÄ“Ä¼ tÄ visa es vispar gribu uz lielu laiku pauzi no attiecÄ«bÄm bet re kur atkal kÄds Tev irğŸ˜… nu cerams nebus vairs nekas lÄ«dzÄ«gs un pec kada laika atkal nebus kads video par ko Å¡adu . 
Bet zini kas ir noÅ¾elojami ? Ka tas cilvÄ“ks , kurÅ¡ tik pretÄ«gi izrÄ«kojÄs ir kristietis . Äªstie baznÄ«cas cilvÄ“ki nekad Å¡Ädi nerÄ«kotos . IstenibÄ Å¾el Tevis ! ğŸ˜•ğŸ™",97,3,4.082474226804123
Emilija Young,https://www.youtube.com/watch?v=4SUubsxjq9U,"par to kÄ man salauza sirdi un jÄ, es esmu muÄ¼Ä·Ä«te / STORYTIME",PriecÄjos ka tomÄ“r publicÄ“ji bet vai nÄkamreiz nevari runÄt nedaudz ÄtrÄk? ğŸ˜ğŸ˜â˜ºï¸â˜ºï¸ğŸ˜‡ğŸ˜‡Tad bÅ«tu ideÄli! ğŸ˜€ğŸ‘ğŸ»ğŸ˜‡,14,9,5.714285714285714
Emilija Young,https://www.youtube.com/watch?v=4SUubsxjq9U,"par to kÄ man salauza sirdi un jÄ, es esmu muÄ¼Ä·Ä«te / STORYTIME","Nesaprotu prieÅ¡kam tad tÄs attiecÄ«bas jeb tÄs simpÄtijas ar kurÄm tiecies ir tik bieÅ¾i? Visu laiku tev ir neveselÄ«gas attiecÄ«bas, bet tu turpini Ä¼aut sev kÄpt uz galvas un Å†irgÄtes par tevi.",32,0,4.96875
Emilija Young,https://www.youtube.com/watch?v=4SUubsxjq9U,"par to kÄ man salauza sirdi un jÄ, es esmu muÄ¼Ä·Ä«te / STORYTIME","Viss nÄk no pagÄtnes un bÄ“rnÄ«bas gan tev gan viÅ†am. TÄtad tev bija jabÅ«t kopÄ ar Å¡iem vÄ«rieÅ¡iem lai kaut ko mÄcÄ«tos, jo ja tu nebÅ«tu tu nezinÄtu. Tagad tu zini un apmÄ“ram iztÄ“lojies kÄdÄm ir jÄbÅ«t tavÄm attiecÄ«bÄm. JÄ, iespÄ“jams bÅ«s vÄ“l vilÅ¡anÄs vai sÄpes, bet to vajag uztvert kÄ dzÄ«ves skolu, beigu galÄ tu bÅ«si ieguvÄ“ja, lai arÄ« cik dÄ«vaini tas neizklausÄ«tos.",64,0,4.671875
Emilija Young,https://www.youtube.com/watch?v=4SUubsxjq9U,"par to kÄ man salauza sirdi un jÄ, es esmu muÄ¼Ä·Ä«te / STORYTIME","Man Ä¼oti Å¾Ä“l, ka tÄdi cilvÄ“ki saka, ka viÅ†i ir no baznÄ«cas. KÄdÄ sakarÄ jÄiepin tajÄ visÄ Dievs? PÄ“c tÄ kÄ Tu stÄsti absolÅ«ti nekristÄ«ga un bÄ“rniÅ¡Ä·Ä«ga rÄ«cÄ«ba no puiÅ¡a puses. AbsolÅ«ts fui.",33,0,4.696969696969697
Emilija Young,https://www.youtube.com/watch?v=4SUubsxjq9U,"par to kÄ man salauza sirdi un jÄ, es esmu muÄ¼Ä·Ä«te / STORYTIME","Iesaku nekad cilveekiem otru iespeeju nedot,jo taadi cilveeki nekad nemainaasğŸ˜£ğŸ”¥ğŸ¤˜zinu to pati no pieredzes",14,3,6.357142857142857
Emilija Young,https://www.youtube.com/watch?v=4SUubsxjq9U,"par to kÄ man salauza sirdi un jÄ, es esmu muÄ¼Ä·Ä«te / STORYTIME","Meles, golddigeres, diggeri. Skrien pie manis vai citur kur grib ko nozagt. Un reliÄ£iskie tieÅ¡i piedoÅ¡anu Å†em par slikto. SavukÄrt reizÄ“ pamest kad atrod jaunu.. Tas nav tas pats lai tieÅ¡i ÄtrÄk tiktu vaÄ¼Ä iepriekÅ¡Ä“jais, kÄ tas tika piemÄnÄ«ts un tÄpÄ“c tÄ sarunÄja abi, vai otrs palÄ«dzÄ“ja pirmajam? PÄrbaudÄ«ja pirmais ar otro? DaÅ¾i tÄdi kropli cilvÄ“ki? Bet varbÅ«t daÅ¾reiz par daudz un viens nezinÄja otram kÄ teikt?",67,0,5.1940298507462686
Emilija Young,https://www.youtube.com/watch?v=4SUubsxjq9U,"par to kÄ man salauza sirdi un jÄ, es esmu muÄ¼Ä·Ä«te / STORYTIME","Cik ilgi Tu nÄ“sÄ nagus? IzskatÄs, ka trÄ«s dienas un, tad noÅ†em nost.",13,0,4.3076923076923075
Emilija Young,https://www.youtube.com/watch?v=4SUubsxjq9U,"par to kÄ man salauza sirdi un jÄ, es esmu muÄ¼Ä·Ä«te / STORYTIME",muÄ¼Ä·e.,1,0,6.0
Emilija Young,https://www.youtube.com/watch?v=COEnq8l9CBI,KÄ ieveidot savus matus - kuplÄs lielÄs lokÄs?,"ForÅ¡i,ka uzfilmÄ“ji! Man Ä¼oti noderÄ“s Å¡is video!",7,0,5.857142857142857
Emilija Young,https://www.youtube.com/watch?v=COEnq8l9CBI,KÄ ieveidot savus matus - kuplÄs lielÄs lokÄs?,"Amazing, filmÄ“ bieÅ¾Äk tev sanÄk!",5,0,5.6
Emilija Young,https://www.youtube.com/watch?v=COEnq8l9CBI,KÄ ieveidot savus matus - kuplÄs lielÄs lokÄs?,VÄ“lÄ“tos no Tevis redzÄ“t full makeup look no nyx every day look ğŸ’¯,12,1,4.25
Emilija Young,https://www.youtube.com/watch?v=COEnq8l9CBI,KÄ ieveidot savus matus - kuplÄs lielÄs lokÄs?,"Babes, superÄ«gas lokas ğŸ”¥ğŸ”¥ğŸ”¥ğŸ”¥",3,4,6.666666666666667
Emilija Young,https://www.youtube.com/watch?v=COEnq8l9CBI,KÄ ieveidot savus matus - kuplÄs lielÄs lokÄs?,Tev tik skaisti izskatÄs. <3,5,0,4.8
Emilija Young,https://www.youtube.com/watch?v=COEnq8l9CBI,KÄ ieveidot savus matus - kuplÄs lielÄs lokÄs?,Tev labi sanÄca.!man Å¡is video noderÄ“s.tev piestÄv!.,7,0,6.571428571428571
Emilija Young,https://www.youtube.com/watch?v=COEnq8l9CBI,KÄ ieveidot savus matus - kuplÄs lielÄs lokÄs?,Kur tu strÄdÄ?,3,0,4.0
Emilija Young,https://www.youtube.com/watch?v=COEnq8l9CBI,KÄ ieveidot savus matus - kuplÄs lielÄs lokÄs?,Beidz runÄt ar aizmakusu balsu!,5,0,5.4
Emilija Young,https://www.youtube.com/watch?v=COEnq8l9CBI,KÄ ieveidot savus matus - kuplÄs lielÄs lokÄs?,Ieteikums lai nebutu loka jatin atpakaÄ¼ paÅ¡ai kad Å†em nost no lokÅ¡Ä·Ä“rÄ“m vienkÄrÅ¡i uzreiz laid rokÄ Å¡Ä·ipsnu un nelaid vaÄ¼Ä pa visam bus vieglÄk.ğŸ‘,24,1,5.0
Emilija Young,https://www.youtube.com/watch?v=COEnq8l9CBI,KÄ ieveidot savus matus - kuplÄs lielÄs lokÄs?,UzfilmÄ“ holivudas lokas!,3,0,7.333333333333333
Emilija Young,https://www.youtube.com/watch?v=COEnq8l9CBI,KÄ ieveidot savus matus - kuplÄs lielÄs lokÄs?,Paldies,1,0,7.0
Emilija Young,https://www.youtube.com/watch?v=COEnq8l9CBI,KÄ ieveidot savus matus - kuplÄs lielÄs lokÄs?,Kur var nopirkt labu lokotÄju???,5,0,5.6
Emilija Young,https://www.youtube.com/watch?v=COEnq8l9CBI,KÄ ieveidot savus matus - kuplÄs lielÄs lokÄs?,"Sveika , vai to osis + matu laku arÄ« var iegÄdÄties drogÄs ? jau sen esmu labas matu lakas meklÄ“jumos ğŸ™‚",20,1,4.1
Emilija Young,https://www.youtube.com/watch?v=COEnq8l9CBI,KÄ ieveidot savus matus - kuplÄs lielÄs lokÄs?,"riktÄ«gi labi izskatÄs, bet es vislaik skatos kÄ tu tÄs lokas ""Ä·emmÄ“"" un buÅ¾ini un pie sevis raudu, jo zinu, ka manos matos tÄdas darbÄ«bas tÄs lokas iztaisnos uzreiz.DabÄ«gi Ä¼oti taisni mati ne vienmÄ“r ir priekÅ¡rocÄ«ba. :D",37,0,4.945945945945946
Emilija Young,https://www.youtube.com/watch?v=QyQ6Y113NiM,"JÄÅ†u ""vlogs"" / ft. Lota un EvelÄ«na","you need some new friends, asap, miljaa :(",8,0,4.375
Emilija Young,https://www.youtube.com/watch?v=QyQ6Y113NiM,"JÄÅ†u ""vlogs"" / ft. Lota un EvelÄ«na","VienÄ«gais, ko pÄ“c Å¡Ä« var pateikt - man Å¾Ä“l, ka tev ir tik zemiskas un  toksiskas draudzenes,ja viÅ†as par tÄdÄm vispÄr var saukt. Tu neesi pelnÄ«jusi tÄdu attieksmi. Draugi tÄ nedara.",31,0,4.838709677419355
Emilija Young,https://www.youtube.com/watch?v=QyQ6Y113NiM,"JÄÅ†u ""vlogs"" / ft. Lota un EvelÄ«na","EmÄ«lij, tiec vaÄ¼Ä no tÄm ÄÅ«skÄm, tÄs nav draudzenes. Tu esi vienÄ«gÄ normÄlÄ meitene, kas neko neizliekas, tev nevajag draugus jÅ«tÅ«berus, lai vlogotu un popularizÄ“tu, kamÄ“r viÅ†i burtiski aizskar tevi, nomelnojot tavu draugu un cilvÄ“ku, kas viÅ†Äm tur ir izdabÄjis visu.",41,0,5.536585365853658
Emilija Young,https://www.youtube.com/watch?v=QyQ6Y113NiM,"JÄÅ†u ""vlogs"" / ft. Lota un EvelÄ«na","SociÄlie tÄ«kli ir viena indÄ«ga vieta, jaunieÅ¡iem mÅ«sdienÄs nav filtra un sapraÅ¡anas, kas notieka tÄlÄk par viÅ†u paÅ¡u deguniem. Å½Ä“l ka arÄ« ''draugi'' , kas iepazÄ«ti Å¡ajÄ vidÄ“ nav tieÅ¡Äm cilvÄ“ki, kam var uzticÄ“t labÄs un sliktÄs lietas. Å Ä« popularitÄtes medÄ«Å¡ana ir nomelnojusi to, kas ir tieÅ¡Äm svarÄ«gs dzÄ«vÄ“. 
Katrs zin tikai to ,kas notiek tieÅ¡Äm ''behind the scenes'', bet EmÄ«lij, kamÄ“r ''draugi'' mÄcÄs kas ir cieÅ†a un turpina augt, tu tikmÄ“r vairo pozitÄ«vo :)",75,0,5.173333333333333
Emilija Young,https://www.youtube.com/watch?v=QyQ6Y113NiM,"JÄÅ†u ""vlogs"" / ft. Lota un EvelÄ«na","Redzot gan tavu video, gan EvelÄ«nas, liekas ka jÅ«s neesat bijuÅ¡as vienÄ un tajÄ paÅ¡Ä vietÄ.",16,0,4.75
Emilija Young,https://www.youtube.com/watch?v=QyQ6Y113NiM,"JÄÅ†u ""vlogs"" / ft. Lota un EvelÄ«na","EmÄ«lij, Tu esi Ä¼oti sirsnÄ«ga meitene :) Tavs vlogs krasi atÅ¡Ä·iras no Lotas un EvelÄ«nas, jo izskatÄs, ka Tu labi pavadÄ«ji laiku, un tÄ tam jÄbÅ«t, bet viÅ†Äm tieÅ¡Äm nepatika lauki. Es ceru, ka Tu par to, ka viÅ†Äm nepatika apstÄkÄ¼i uzzinÄji jau pirms viÅ†as izlika video..",47,0,4.702127659574468
Emilija Young,https://www.youtube.com/watch?v=QyQ6Y113NiM,"JÄÅ†u ""vlogs"" / ft. Lota un EvelÄ«na",Ouuu es tÄ smÄ“jos par to kÄ EvelÄ«na lÄ“ca Å«denÄ« uz galvas vismaz mÄ“Ä£inÄja uz galvas bet laikam sanÄca uz vÄ“dera. Noteikti bija sÄpÄ«gi.,24,0,4.583333333333333
Emilija Young,https://www.youtube.com/watch?v=QyQ6Y113NiM,"JÄÅ†u ""vlogs"" / ft. Lota un EvelÄ«na","Liels fuj gan Lotai, gan EvelÄ«nai! Vienai vismaz pietika kauns izdzÄ“st to vÄjprÄtu! TÄ vietÄ lai visu pateiktu draugam acÄ«s, viÅ†as uztaisa video un vienkÄrÅ¡i zemiski 'nodirÅ¡' vietu kurÄ atradÄs, piebilstot ka ir audzinÄtas un nespÄ“j neko sliktu puisim aci pret aci?! Naivi cerÄ“ja ka puisis video neieraudzÄ«s?! Meitenes Ä¼oti sabojÄja priekÅ¡tatu par pilsÄ“tniekiem,kÄ savÄ video nosaukumÄ minÄ“ja! TÄdas draudzenes nav draudzenes!",62,0,5.887096774193548
Emilija Young,https://www.youtube.com/watch?v=QyQ6Y113NiM,"JÄÅ†u ""vlogs"" / ft. Lota un EvelÄ«na","Man tieÅ¡Äm ir Å¾Ä“l, ka tik jaukam cilvÄ“kam kÄ Tev, apkÄrt ir tÄdi cilvÄ“ki.",14,0,4.285714285714286
Emilija Young,https://www.youtube.com/watch?v=QyQ6Y113NiM,"JÄÅ†u ""vlogs"" / ft. Lota un EvelÄ«na","Tu vienkÄrÅ¡i biji sÅ«dÄ«gÄ zaÄ¼umballÄ“, ja gribi labu, tad jÄdodas tik uz Latgali âœŒğŸ¼",13,1,5.076923076923077
Emilija Young,https://www.youtube.com/watch?v=QyQ6Y113NiM,"JÄÅ†u ""vlogs"" / ft. Lota un EvelÄ«na",EvelÄ«na - tÄ ir diagnoze.,5,0,4.2
Emilija Young,https://www.youtube.com/watch?v=QyQ6Y113NiM,"JÄÅ†u ""vlogs"" / ft. Lota un EvelÄ«na",vai tieÅ¡Äm short story long? :D,6,0,4.333333333333333
Emilija Young,https://www.youtube.com/watch?v=QyQ6Y113NiM,"JÄÅ†u ""vlogs"" / ft. Lota un EvelÄ«na","Tavs vlogs ir Ä¼oti forÅ¡s un sirsnÄ«gs, noskatÄ«jos EvelÄ«nas vlogu arÄ«, nu nezinu vai ir korekti izteikties par dzÄ«voÅ¡anu â€œLooks like homeless lives thereâ€, Ä¼oti Å¾Ä“l ka tev ir tÄdi draugi, kuri ko tÄdu zaimojoÅ¡u un nepatÄ«kamu izliek internetÄ, kur visi to redz, nevis pasakot to personÄ«gi. Var saprast gan EvelÄ«na,gan Lota nav iemacÄ«ts cienÄ«t otru cilvÄ“ku un daÅ¾reiz ja kas nepatÄ«k to sagremot, ja es bÅ«tu tava vietÄ es jÅ«stos Ä¼oti nepatÄ«kami un aizvainojoÅ¡i.",75,0,5.093333333333334
Emilija Young,https://www.youtube.com/watch?v=QyQ6Y113NiM,"JÄÅ†u ""vlogs"" / ft. Lota un EvelÄ«na","Noskaties LOTAS jauno vidio un palasi komentarus 

Tas ir vienkarsi trakums",11,0,5.7272727272727275
Emilija Young,https://www.youtube.com/watch?v=QyQ6Y113NiM,"JÄÅ†u ""vlogs"" / ft. Lota un EvelÄ«na","JÄ , zaÄ¼lumballe ir Ä¼oti forÅ¡a , ja ir puiÅ¡i ar ko dejot un Tu esi atvÄ“rts iepazÄ«t jaunua cilvÄ“kus. Tad balles ir uz urrÄ!",25,0,3.92
Emilija Young,https://www.youtube.com/watch?v=QyQ6Y113NiM,"JÄÅ†u ""vlogs"" / ft. Lota un EvelÄ«na","""short story long"" ğŸ˜‚",3,1,5.333333333333333
Emilija Young,https://www.youtube.com/watch?v=QyQ6Y113NiM,"JÄÅ†u ""vlogs"" / ft. Lota un EvelÄ«na",Nu ja tu zalumballe kartigi neizdeojies pa lielam nav jega iet. Paldies,12,0,5.0
Emilija Young,https://www.youtube.com/watch?v=QyQ6Y113NiM,"JÄÅ†u ""vlogs"" / ft. Lota un EvelÄ«na",Love youğŸ˜˜â¤,2,2,3.5
Emilija Young,https://www.youtube.com/watch?v=QyQ6Y113NiM,"JÄÅ†u ""vlogs"" / ft. Lota un EvelÄ«na",Tev ir boyfriend tagad? IzskatÃ s kaut kas uz to pusi ğŸ¤”ğŸ™„ğŸ¤©,10,3,4.3
Emilija Young,https://www.youtube.com/watch?v=QyQ6Y113NiM,"JÄÅ†u ""vlogs"" / ft. Lota un EvelÄ«na",2:44 ğŸ˜‚ğŸ˜‚,1,2,4.0
Emilija Young,https://www.youtube.com/watch?v=QyQ6Y113NiM,"JÄÅ†u ""vlogs"" / ft. Lota un EvelÄ«na",JÅ«s bijÄt uz sÅ«dÄ«gu zaÄ¼umballiğŸ˜ƒ,5,1,5.2
Emilija Young,https://www.youtube.com/watch?v=QyQ6Y113NiM,"JÄÅ†u ""vlogs"" / ft. Lota un EvelÄ«na",5:48ğŸ˜‚ğŸ‘¿ğŸ˜·,1,3,4.0
Emilija Young,https://www.youtube.com/watch?v=QyQ6Y113NiM,"JÄÅ†u ""vlogs"" / ft. Lota un EvelÄ«na",Piesekoju tev Pieseko man atpakaÄ¼  ğŸ‘,5,1,5.8
Emilija Young,https://www.youtube.com/watch?v=QyQ6Y113NiM,"JÄÅ†u ""vlogs"" / ft. Lota un EvelÄ«na",Es arÄ« jÄÅ†us svinÄ“ju drustos,5,0,4.8
Emilija Young,https://www.youtube.com/watch?v=QyQ6Y113NiM,"JÄÅ†u ""vlogs"" / ft. Lota un EvelÄ«na",Tad kad jÅ«s bijÄt RaunÄ vrb vjadzÄ“ja braukt tur vÄ“lu naktÄ« jo tad bija labi,15,0,4.066666666666666
Emilija Young,https://www.youtube.com/watch?v=QyQ6Y113NiM,"JÄÅ†u ""vlogs"" / ft. Lota un EvelÄ«na","Yo, Å¡is bija diezgan epic video! Prieks, ka uzfilmÄ“ji! Bija smieklÄ«gs un forÅ¡s!",13,0,5.153846153846154
Emilija Young,https://www.youtube.com/watch?v=QyQ6Y113NiM,"JÄÅ†u ""vlogs"" / ft. Lota un EvelÄ«na",Akd kautkÄdas ######### 5:49,4,0,6.25
Emilija Young,https://www.youtube.com/watch?v=QyQ6Y113NiM,"JÄÅ†u ""vlogs"" / ft. Lota un EvelÄ«na",kind of izskatas ka EmÄ«lija brauca viena bez Lotas n EvelÄ«nas.,11,0,4.7272727272727275
Emilija Young,https://www.youtube.com/watch?v=QyQ6Y113NiM,"JÄÅ†u ""vlogs"" / ft. Lota un EvelÄ«na",Ä»oti loti forsh video,4,0,4.5
Emilija Young,https://www.youtube.com/watch?v=QyQ6Y113NiM,"JÄÅ†u ""vlogs"" / ft. Lota un EvelÄ«na","Es varu iedomÄties kÄ tÄdas meitenes, kuras skatas jÅ«su video un ir tas vietÄ“jÄs no Raunas tad pÄ“kÅ¡Å†i balle skatÄs, kas tÄs par meiÄÄm 3 redzÄ“tÄm? ğŸ˜ un saprot, ka tÄs esat JÅ«s, jebal, tur jau ir sajuta, vai par daudz izdzerts un rÄ“gojas, vai ari kaut kÄdi brÄ«numi notiek. IzbaudÄt bieÅ¾Äk laukus, ir cool.",54,1,4.611111111111111
Emilija Young,https://www.youtube.com/watch?v=QyQ6Y113NiM,"JÄÅ†u ""vlogs"" / ft. Lota un EvelÄ«na","laukos nav viss tik chill, ne jau no cilvÄ“ka atkarÄ«gs, bet lauki nav tikai atpÅ«ta. dzÄ«voju gan pilsÄ“tÄ ( darba dienÄs ) gan laukos ( brÄ«vdienÄs ), jau veselu gadu",30,0,4.433333333333334
Emilija Young,https://www.youtube.com/watch?v=QyQ6Y113NiM,"JÄÅ†u ""vlogs"" / ft. Lota un EvelÄ«na","VispÄr gribÄ“jÄs vemt, skatos Lotas video...  TrÅ«kst audzinÄÅ¡anas. ViÅ†ai pat nav ELEMENTÄ€RAS  un PAÅ SAPROTAMAS cieÅ†as pret lÄ«dzcilvÄ“kiem... Tu vari daudz labÄk, EmÄ«lij!",22,0,6.545454545454546
Emilija Young,https://www.youtube.com/watch?v=QyQ6Y113NiM,"JÄÅ†u ""vlogs"" / ft. Lota un EvelÄ«na",Omgg pirmais likeeeâ¤â¤â¤â¤â¤â¤â¤,3,7,5.666666666666667
Emilija Young,https://www.youtube.com/watch?v=QyQ6Y113NiM,"JÄÅ†u ""vlogs"" / ft. Lota un EvelÄ«na",kapec Evelin tev nav jauni video sava youtubes kanala???,9,0,5.333333333333333
Emilija Young,https://www.youtube.com/watch?v=QyQ6Y113NiM,"JÄÅ†u ""vlogs"" / ft. Lota un EvelÄ«na",Yo no drustiem!,3,0,4.333333333333333
Emilija Young,https://www.youtube.com/watch?v=QyQ6Y113NiM,"JÄÅ†u ""vlogs"" / ft. Lota un EvelÄ«na",PilnÄ«gs sviests,2,0,7.0
Emilija Young,https://www.youtube.com/watch?v=R9W-r69toVk,KÄ atrast motivÄciju dzivot ? (par depresiju un nÄvi) GRWM,"Tu izklausies pÄ“c cilvÄ“ka, ar kuru varÄ“tu runÄt stundÄm ilgi :)",11,0,4.818181818181818
Emilija Young,https://www.youtube.com/watch?v=R9W-r69toVk,KÄ atrast motivÄciju dzivot ? (par depresiju un nÄvi) GRWM,"VairÄk cilvÄ“kus kÄ tevi, kas spÄ“j par Å¡ÄdÄm lietÄm runÄtâ¤â¤â¤ sending much love.",13,3,4.846153846153846
Emilija Young,https://www.youtube.com/watch?v=R9W-r69toVk,KÄ atrast motivÄciju dzivot ? (par depresiju un nÄvi) GRWM,"Emilija, Tu dari lielu darbu, runajot par depresiju, pasnavibu. Man ir 47 gadi, mans bralis izdarija pasnavibu, kad vinam bija 21 gads. Taja laika nebija pienemts runat par depresiju un psihiskam problemam. Man pasai ir 2 deli Tava vecuma... Tu esi iedvesmojosa, jauka, sirsniga, skaista jauniete Emilij! Lai Tev veicas!!!",50,0,5.46
Emilija Young,https://www.youtube.com/watch?v=R9W-r69toVk,KÄ atrast motivÄciju dzivot ? (par depresiju un nÄvi) GRWM,"Malacis EmÄ«lij, ka uzdrÄ«ksties runÄt par Å¡ÄdÄm lietÄm ğŸ˜Š Ne visi uz to ir spÄ“jÄ«gi â˜€ï¸",15,2,4.4
Emilija Young,https://www.youtube.com/watch?v=R9W-r69toVk,KÄ atrast motivÄciju dzivot ? (par depresiju un nÄvi) GRWM,"preach par visu, ko Tu teici !!! es nekad nebiju sajutis kaut kÄdu connection no kÄda, kurÅ¡ runÄ kameras priekÅ¡Ä tik atklÄti. paldies, ka runÄ par Å¡ÄdÄm tÄ“mÄm !",29,0,4.551724137931035
Emilija Young,https://www.youtube.com/watch?v=R9W-r69toVk,KÄ atrast motivÄciju dzivot ? (par depresiju un nÄvi) GRWM,"MÄ«Ä¼Å¡ paldies, ka dalies ar savu stÄstu! <3 Tas ir Ä¼oti vajadzÄ«gs... Å¡obrÄ«d eju dzÄ«vÄ“ cauri kam lÄ«dzÄ«gam un labi saprotu Tavas izjÅ«tas.",23,0,4.869565217391305
Emilija Young,https://www.youtube.com/watch?v=R9W-r69toVk,KÄ atrast motivÄciju dzivot ? (par depresiju un nÄvi) GRWM,Tu varÄ“tu bÅ«t laba psiholoÄ£e ğŸ™ƒğŸ’—,5,2,4.8
Emilija Young,https://www.youtube.com/watch?v=R9W-r69toVk,KÄ atrast motivÄciju dzivot ? (par depresiju un nÄvi) GRWM,TieÅ¡i laikÄ. Paldies â¤,3,1,6.0
Emilija Young,https://www.youtube.com/watch?v=R9W-r69toVk,KÄ atrast motivÄciju dzivot ? (par depresiju un nÄvi) GRWM,"varbÅ«t parunÄ par dzÄ«ves traumÄm, sÄpÄ“m un kÄ tikt tam pÄri?!",11,0,4.636363636363637
Emilija Young,https://www.youtube.com/watch?v=R9W-r69toVk,KÄ atrast motivÄciju dzivot ? (par depresiju un nÄvi) GRWM,"IedvesmojoÅ¡s video, EmÄ«lij! â¤ï¸ varbÅ«t parunÄ par to, kÄ tikt pÄri sÄpÄ“m, mokÄm un arÄ« kÄ tikt pÄri attiecÄ«bÄm.",19,1,4.7894736842105265
Emilija Young,https://www.youtube.com/watch?v=R9W-r69toVk,KÄ atrast motivÄciju dzivot ? (par depresiju un nÄvi) GRWM,"Sveika! Prieks, ka padalÄ«jies ar savÄm jÅ«tÄm, emocijÄm. Man paÅ¡laik ir 12 gadÄ«ga draudzene kurai ir tÄ saucamais mental breakdown. JÄ varbÅ«t tas Å¡Ä·iet smieklÄ«gi, taÄu viÅ†as prÄts ir tik pat Ä¼oti attÄ«stÄ«jies kÄ ikvienam citam cilvÄ“kam, arÄ« viÅ†ai ir jÅ«tas. Es beidzot saÅ†Ä“mu drosmi un parunÄju ar viÅ†as vecÄkiem. Tagad viÅ†a apmeklÄ“ psihologu un ir atguvusi savu motivÄciju jeb enerÄŸiju funkcionÄ“t.",62,0,5.387096774193548
Emilija Young,https://www.youtube.com/watch?v=R9W-r69toVk,KÄ atrast motivÄciju dzivot ? (par depresiju un nÄvi) GRWM,"PriecÄjos, ka Latvijas youtube ir arÄ« tÄdi cilvÄ“ki, kas ne tikai labi prot krÄsoties, bet arÄ« iedvesmot un arÄ« parunÄt par Ä¼oti nopietnÄm tÄ“mÄm. Paldies Tev, ka par to runÄ. Jo tÄ Tu vari kÄdam palÄ«dzÄ“t)) Cienu, respektÄ“ju, saprotu Tevi, jo man Å¡obrÄ«d ir lÄ«dzÄ«gi. Tev ir taisnÄ«ba, ka sabiedrÄ«ba netic cilvÄ“kiem, kuriem emocionÄli sÄp, diemÅ¾Ä“l, esmu ar to saskÄrusies. CilvÄ“ki, kas nekad ar to nav saskÄruÅ¡ies, to nesapratÄ«s. Å is video ir tieÅ¡i laikÄ. RaudÄju Tev lÄ«dzi.",77,0,5.103896103896104
Emilija Young,https://www.youtube.com/watch?v=R9W-r69toVk,KÄ atrast motivÄciju dzivot ? (par depresiju un nÄvi) GRWM,Tu esi Ä«sta :),4,0,2.75
Emilija Young,https://www.youtube.com/watch?v=R9W-r69toVk,KÄ atrast motivÄciju dzivot ? (par depresiju un nÄvi) GRWM,Malacis EmÄ«lij! Tu esi stipra!â¤ï¸â¤ï¸,5,2,5.6
Emilija Young,https://www.youtube.com/watch?v=R9W-r69toVk,KÄ atrast motivÄciju dzivot ? (par depresiju un nÄvi) GRWM,â¤,0,1,0.0
Emilija Young,https://www.youtube.com/watch?v=R9W-r69toVk,KÄ atrast motivÄciju dzivot ? (par depresiju un nÄvi) GRWM,â¤ï¸,1,1,1.0
Emilija Young,https://www.youtube.com/watch?v=R9W-r69toVk,KÄ atrast motivÄciju dzivot ? (par depresiju un nÄvi) GRWM,Ä»oti interesants video varbÅ«t nofilmÄ“ video par saviem tetovÄ“jumiem ğŸ˜‰,9,1,6.555555555555555
Emilija Young,https://www.youtube.com/watch?v=R9W-r69toVk,KÄ atrast motivÄciju dzivot ? (par depresiju un nÄvi) GRWM,"Es nevaru tik emociÄli, man tevis ir Ä¼oti Å¾Ä“l, un es zinu man un citiem kas Å¡o nav piedzÄ«vojuÅ¡i to nesaprast!ğŸ˜”â™¥ï¸ğŸ‘",21,3,4.285714285714286
Emilija Young,https://www.youtube.com/watch?v=R9W-r69toVk,KÄ atrast motivÄciju dzivot ? (par depresiju un nÄvi) GRWM,â¤ï¸,1,1,1.0
Emilija Young,https://www.youtube.com/watch?v=R9W-r69toVk,KÄ atrast motivÄciju dzivot ? (par depresiju un nÄvi) GRWM,Niice video â¤ğŸŒ¸,2,2,5.0
Emilija Young,https://www.youtube.com/watch?v=R9W-r69toVk,KÄ atrast motivÄciju dzivot ? (par depresiju un nÄvi) GRWM,Es apraudajos jo zinu to sajutu,6,0,4.333333333333333
Emilija Young,https://www.youtube.com/watch?v=R9W-r69toVk,KÄ atrast motivÄciju dzivot ? (par depresiju un nÄvi) GRWM,"Liels paldies Tev, EmÄ«lij, par Å¡o video! Ä»otii noderÄ“ja un iedziÄ¼inÄjos! RaudÄju Tev lÄ«dzi. Prieks, ka runÄ par Å¡Ä«m tÄ“mÄm un esi tik atklÄta par mums. Tas man liks justies svarÄ«gÄkai un tÄdai, ka kÄds par mani rÅ«pÄ“jas un saprot. Paldies.â¤â¤â¤ğŸ™",41,4,4.804878048780488
Emilija Young,https://www.youtube.com/watch?v=R9W-r69toVk,KÄ atrast motivÄciju dzivot ? (par depresiju un nÄvi) GRWM,Es veeeleetos lai tu naakamajaa reizee runa par vegetarismu(tavu viedokli par to),12,0,5.833333333333333
Emilija Young,https://www.youtube.com/watch?v=R9W-r69toVk,KÄ atrast motivÄciju dzivot ? (par depresiju un nÄvi) GRWM,"2018gads bija briesmÄ«gs......



Prieks,ka filmÄ“ Å¡Ädus patiesus video",8,0,7.375
Emilija Young,https://www.youtube.com/watch?v=R9W-r69toVk,KÄ atrast motivÄciju dzivot ? (par depresiju un nÄvi) GRWM,DzÄ«ve tÄ notiek un tÄlÄk jÄveido viss paÅ¡ai bÅ«s grÅ«ti un daudz reizes gribÄ“sies darÄ«t galu bet jÄdzivo,18,0,4.722222222222222
Emilija Young,https://www.youtube.com/watch?v=R9W-r69toVk,KÄ atrast motivÄciju dzivot ? (par depresiju un nÄvi) GRWM,"Ko darÄ«t ja tev ir depresija un mamma tevi nesaprot ,sÄkot beidz muÄ¼Ä·oties?",13,0,4.846153846153846
Emilija Young,https://www.youtube.com/watch?v=R9W-r69toVk,KÄ atrast motivÄciju dzivot ? (par depresiju un nÄvi) GRWM,ğŸ‘ŒğŸ‘ŒğŸ‘Œ,0,3,0.0
Emilija Young,https://www.youtube.com/watch?v=R9W-r69toVk,KÄ atrast motivÄciju dzivot ? (par depresiju un nÄvi) GRWM,"Man pÄ“c bÄ“rna nÄves palÄ«dzÄ“ja vienkÄrÅ¡as lietas- staigÄt ar basÄm kÄjÄm gar jÅ«ras malu, lasÄ«t ogas meÅ¾Ä, adÄ«Å¡ana, Ä“st gatavoÅ¡ana....palÄ«dzÄ“t kÄdam vecam cilvÄ“kam.....",23,0,6.260869565217392
Emilija Young,https://www.youtube.com/watch?v=R9W-r69toVk,KÄ atrast motivÄciju dzivot ? (par depresiju un nÄvi) GRWM,"Ä»oti LIELS PALDIES Tev, par Å¡o video, par Å¡o pieredzi un par Å¡iem vÄrdiem! Es skatÄ«jos ar asarÄm acÄ«s, jo es saprotu pilnÄ«gi KATRU vÄrdu, ko tu teici, sapratu, visu, kam esi gÄjusi cauri! Es Tam visam eju patreiz cauri un tÄ diemÅ¾Ä“l ir, kad neviens apkÄrtÄ“jais nesapratÄ«s kÄ mÄ“s jÅ«tamies, kad mums ir depresija,veÄŸ.,distonija utt.(mentÄlÄs problÄ“mas), neviens to nesapratÄ«s, ja pats nav gÄjis tam cauri! â¤ğŸ‘",66,2,5.121212121212121
Emilija Young,https://www.youtube.com/watch?v=R9W-r69toVk,KÄ atrast motivÄciju dzivot ? (par depresiju un nÄvi) GRWM,"We have lost humanity. Laba video tÄ“ma! BÅ«tu interesanti, ja Tu uztaisÄ«tu video par zinÄtniskÄm tÄ“mÄm, varbÅ«t par to, vai tici, ka pastÄv dzÄ«vÄ«ba Ärpus Zemes, laika ceÄ¼oÅ¡anai utt.?",29,0,5.241379310344827
Emilija Young,https://www.youtube.com/watch?v=R9W-r69toVk,KÄ atrast motivÄciju dzivot ? (par depresiju un nÄvi) GRWM,"Tiiik.aizkustinoÅ¡s video..Parasti komentÄrus nerakstu,bet Å¡oreiz gan uzrakstÄ«Å¡u...EmÄ«lij,tu esi stipra...pilnÄ«gi sajutu tavu iekÅ¡Ä“jo pÄrdzÄ«vojumu",13,0,10.23076923076923
Emilija Young,https://www.youtube.com/watch?v=R9W-r69toVk,KÄ atrast motivÄciju dzivot ? (par depresiju un nÄvi) GRWM,"Visas sÄpÄ«gÄs lietas, kuras ar mums notiek dzÄ«ves laikÄ, padara mÅ«s par labÄkiem cilvÄ“kiem. TieÅ¡i tÄdos brÄ«Å¾Ãµs ir vislielÄkais potenciÄls uz paÅ¡izaugsmi un sevis iepazÄ«Å¡anu, no tÄ visa sliktÄ ÄrÄ var izvilkt arÄ« kaut ko labu.",36,0,5.277777777777778
Emilija Young,https://www.youtube.com/watch?v=R9W-r69toVk,KÄ atrast motivÄciju dzivot ? (par depresiju un nÄvi) GRWM,Hey can you please make a video where you only talk in English?,13,0,3.923076923076923
Emilija Young,https://www.youtube.com/watch?v=8PgtUbUGhbI,izlaiduma svÄ“tku grims,UzstaisÄ«si lÅ«dzu video kÄ pagatavot mÄjÄs mitrinoÅ¡o spreju?ğŸ˜ğŸ˜ğŸ˜,8,3,6.5
Emilija Young,https://www.youtube.com/watch?v=8PgtUbUGhbI,izlaiduma svÄ“tku grims,Skaisti. :),2,0,5.0
Emilija Young,https://www.youtube.com/watch?v=8PgtUbUGhbI,izlaiduma svÄ“tku grims,Ä»oti skaisti sanÄca Å¡is looks :),6,0,4.5
Emilija Young,https://www.youtube.com/watch?v=8PgtUbUGhbI,izlaiduma svÄ“tku grims,"Es iegrabos at NYX concealer vinu nav iespejams izpludinat plus vins paliek loti ""cakey"" pec laika.",16,0,5.25
Emilija Young,https://www.youtube.com/watch?v=8PgtUbUGhbI,izlaiduma svÄ“tku grims,mans izlaidums bija stulbs..,4,0,6.25
Emilija Young,https://www.youtube.com/watch?v=8PgtUbUGhbI,izlaiduma svÄ“tku grims,kur Tu pasÅ«tiji savu anastasia beverly hills paletÄ«ti?,8,0,5.875
Emilija Young,https://www.youtube.com/watch?v=8PgtUbUGhbI,izlaiduma svÄ“tku grims,pirmÄğŸ˜—â¤ğŸŒ¸,1,3,5.0
Emilija Young,https://www.youtube.com/watch?v=8PgtUbUGhbI,izlaiduma svÄ“tku grims,"Man 20 ja datumÄ ir izlaidums, juhuuuu, 4 gadi univerÄ - ata ata )))) Es ari veidoju izlaiduma meiku, varat paskatÄ«ties.",21,0,4.761904761904762
Emilija Young,https://www.youtube.com/watch?v=DkxyPaE1xnc,KompulsÄ«vais pÄrÄ“Å¡anÄs sindroms / kas tas ir?,"No one:
Latvian YouTubers: KOMPULSIVAS PARESANAS SINDROMS!",7,0,7.428571428571429
Emilija Young,https://www.youtube.com/watch?v=DkxyPaE1xnc,KompulsÄ«vais pÄrÄ“Å¡anÄs sindroms / kas tas ir?,Tu Å¡omÄ“nes spridzini ar saviem video!! â¤,6,1,5.5
Emilija Young,https://www.youtube.com/watch?v=DkxyPaE1xnc,KompulsÄ«vais pÄrÄ“Å¡anÄs sindroms / kas tas ir?,kas Å¡o skatÄs Ä“dot ?,5,0,3.2
Emilija Young,https://www.youtube.com/watch?v=DkxyPaE1xnc,KompulsÄ«vais pÄrÄ“Å¡anÄs sindroms / kas tas ir?,Tu Å¡odien labi izskaties,4,0,5.25
Emilija Young,https://www.youtube.com/watch?v=DkxyPaE1xnc,KompulsÄ«vais pÄrÄ“Å¡anÄs sindroms / kas tas ir?,"Kas tur tÄds ka ir sarkani vaigi? Man pat tas liekas seksÄ«gi/ForÅ¡i , Å¾Ä“l kÄpÄ“c man nav tÄdi vaidziÅ†i...Ja tevi heitoja par to tad tas ir Ä¼oti dumb.!.!.!.!",28,0,4.535714285714286
Emilija Young,https://www.youtube.com/watch?v=DkxyPaE1xnc,KompulsÄ«vais pÄrÄ“Å¡anÄs sindroms / kas tas ir?,Tu esi stipra â¤ï¸,4,1,3.0
Emilija Young,https://www.youtube.com/watch?v=DkxyPaE1xnc,KompulsÄ«vais pÄrÄ“Å¡anÄs sindroms / kas tas ir?,PÄ“Å¡Å†i visiem lv YouTuberiem ir Å¡Ä« slimÄ«ba. ğŸ‘ŒğŸ˜†,7,2,5.142857142857143
Emilija Young,https://www.youtube.com/watch?v=DkxyPaE1xnc,KompulsÄ«vais pÄrÄ“Å¡anÄs sindroms / kas tas ir?,ğŸ’—ğŸ’—ğŸ’—ğŸ’—,0,4,0.0
Emilija Young,https://www.youtube.com/watch?v=DkxyPaE1xnc,KompulsÄ«vais pÄrÄ“Å¡anÄs sindroms / kas tas ir?,"IdeÄls video , paldies Tev ,ka izstÄstÄ«ji â¤ï¸â˜€ï¸",8,2,4.625
Emilija Young,https://www.youtube.com/watch?v=DkxyPaE1xnc,KompulsÄ«vais pÄrÄ“Å¡anÄs sindroms / kas tas ir?,":( cik Å¾Ä“l, es noteikti bÅ«tu ar tevi draudzÄ“jusies.",9,0,4.777777777777778
Emilija Young,https://www.youtube.com/watch?v=DkxyPaE1xnc,KompulsÄ«vais pÄrÄ“Å¡anÄs sindroms / kas tas ir?,"Sveika! Es esmu par to ,ka negatÄ«vie komentÄri tiek dzÄ“sti! :) kÄ Jums? Gribas redzÄ“t viedokÄ¼us, bet katru reizi viens un tas pats. Tas nepatÄ«k,tas nepatÄ«k. Ko jÅ«s te darat? Ejiet savas dzÄ«vÄ“s,ja traucÄ“ mÄ«Ä¼ie :) kÄ jums tik daudz laika rakstÄ«t komentÄrus?",43,0,4.953488372093023
Emilija Young,https://www.youtube.com/watch?v=DkxyPaE1xnc,KompulsÄ«vais pÄrÄ“Å¡anÄs sindroms / kas tas ir?,https://youtu.be/m0a0tmxY83o   es ar Undu arÄ« par Å¡ito trako tÄ“mu padalÄ«jÄmies. ;)),11,0,6.454545454545454
Emilija Young,https://www.youtube.com/watch?v=DkxyPaE1xnc,KompulsÄ«vais pÄrÄ“Å¡anÄs sindroms / kas tas ir?,"P.S. skatoties vecÄs bildes no malas, tu neizskatÄ«jies slikti! GribÄ“ju teikt,ka no malas izskatÄ«jies tieÅ¡Äm loti normÄli!",17,0,6.176470588235294
Emilija Young,https://www.youtube.com/watch?v=DkxyPaE1xnc,KompulsÄ«vais pÄrÄ“Å¡anÄs sindroms / kas tas ir?,"tev ir tik jancÄ«gas uzacis Å¡ajÄ video, katri galÄ«gi savÄdÄka. bet video ir fine, tu esi fine, viss ir labi",20,0,4.35
Emilija Young,https://www.youtube.com/watch?v=DkxyPaE1xnc,KompulsÄ«vais pÄrÄ“Å¡anÄs sindroms / kas tas ir?,insulÄ«na pretestÄ«ba end of story,5,0,5.6
Emilija Young,https://www.youtube.com/watch?v=DkxyPaE1xnc,KompulsÄ«vais pÄrÄ“Å¡anÄs sindroms / kas tas ir?,"9:54 Å¡is bÅ«s tik Ä¼oti ne pa tÄ“mu, bet klases bildÄ“ kreisajÄ pusÄ“ atpazinu Rihardu no Okartes skatuves (liekas, ka tas ir viÅ†Å¡ pirmajÄ rindÄ, viss baltÄ). Laigan, kÄds pÄrsteigums - Latvija taÄu ir tik maza!",36,0,4.75
Emilija Young,https://www.youtube.com/watch?v=DkxyPaE1xnc,KompulsÄ«vais pÄrÄ“Å¡anÄs sindroms / kas tas ir?,SkatÄ«jos Tavu stÄstu un man nÄca raudiens....cik tas viss pazÄ«stams...,10,0,6.1
Emilija Young,https://www.youtube.com/watch?v=DkxyPaE1xnc,KompulsÄ«vais pÄrÄ“Å¡anÄs sindroms / kas tas ir?,Bet man tas sakas tadel ka pardzivoju par mana dzivnieka problemam,11,0,5.090909090909091
Emilija Young,https://www.youtube.com/watch?v=DkxyPaE1xnc,KompulsÄ«vais pÄrÄ“Å¡anÄs sindroms / kas tas ir?,Ko darit ja svist daudz?,5,0,4.0
Emilija Young,https://www.youtube.com/watch?v=DkxyPaE1xnc,KompulsÄ«vais pÄrÄ“Å¡anÄs sindroms / kas tas ir?,"Beta, tad Edgars un tagad Emiilija. kursh naakamais xd?",9,0,5.222222222222222
Emilija Young,https://www.youtube.com/watch?v=DkxyPaE1xnc,KompulsÄ«vais pÄrÄ“Å¡anÄs sindroms / kas tas ir?,Man ta bija pagasaja vasara bet es pec ned sapratu un to partraucu,13,0,4.153846153846154
Emilija Young,https://www.youtube.com/watch?v=DkxyPaE1xnc,KompulsÄ«vais pÄrÄ“Å¡anÄs sindroms / kas tas ir?,"Pie manis kompulsÄ«vÄ pÄrÄ“Å¡anÄs atnÄca kopÄ ar augstu ieÅ†emamo amatu, kurÄ es neturÄ“ju stresaino vidi. TÄpat vakaros Ä“du lÄ«dz nemaÅ†ai, lai vispÄr spÄ“tu aizmigt. Gadus 10 ar to cÄ«nÄ«jos visÄdi, gan ar gribasspÄ“ku metot nost svaru, gan spieÅ¾ot sevi kustÄ“ties. LÄ«dz vienÄ brÄ«dÄ« sapratu, ka tÄ uzvedas cilvÄ“ks, kurs ir zaudÄ“jis saikni ar kautko tur augÅ¡Ä. ManÄ izpratnÄ“ ar dabu, tÄs ritmu, sevis izjÅ«tu un mÄ«lestÄ«bu pret sevi.",68,0,5.1911764705882355
Emilija Young,https://www.youtube.com/watch?v=DkxyPaE1xnc,KompulsÄ«vais pÄrÄ“Å¡anÄs sindroms / kas tas ir?,Man tads pats sindroms kad es veidoju videoklipus )))),9,0,5.111111111111111
Emilija Young,https://www.youtube.com/watch?v=DkxyPaE1xnc,KompulsÄ«vais pÄrÄ“Å¡anÄs sindroms / kas tas ir?,"Wow, man skolÄ gandrÄ«z vienmÄ“r nebija naudas. IzgÄju no mÄjas no rÄ«ta ar tuksu vÄ“deru un atnÄcu mÄjÄs ap 4 ar tukÅ¡u vÄ“deru. Un un skola turpatpakal 8km.",28,0,4.464285714285714
Emilija Young,https://www.youtube.com/watch?v=DkxyPaE1xnc,KompulsÄ«vais pÄrÄ“Å¡anÄs sindroms / kas tas ir?,"man ari nav draugu ja neskaita Ä£imeni, bet man arÄ« nevienu nevajag, neesmu komunatÄ«vs,esmu introverts",15,0,5.8
Emilija Young,https://www.youtube.com/watch?v=DkxyPaE1xnc,KompulsÄ«vais pÄrÄ“Å¡anÄs sindroms / kas tas ir?,Es sovakar paredos un nejutos slikti. Es geis,8,0,4.75
Emilija Young,https://www.youtube.com/watch?v=DkxyPaE1xnc,KompulsÄ«vais pÄrÄ“Å¡anÄs sindroms / kas tas ir?,Cik cilveki jau uztaisija video par so??,7,0,4.857142857142857
Emilija Young,https://www.youtube.com/watch?v=DkxyPaE1xnc,KompulsÄ«vais pÄrÄ“Å¡anÄs sindroms / kas tas ir?,Man liekas tu vÄ“l Å¡obrÄ«d Ä“d tÄs magoÅ†bulciÅ†as,8,0,4.75
Emilija Young,https://www.youtube.com/watch?v=pbjpRa9Is1I,KÄ tikt pÄri salauztai sirdij? GRWM,Es novÄ“lu kaut Tu atrastu savu Ä«sto un patieso cilvÄ“ku. :),11,0,4.363636363636363
Emilija Young,https://www.youtube.com/watch?v=pbjpRa9Is1I,KÄ tikt pÄri salauztai sirdij? GRWM,"Es reÄli sÄku raudÄt pie Å¡Ä« tava teiktÄ! Tu vnk nolasÄ«ji no manÄm domÄm kÄ to iskairdot. Es legit piekrÄ«tu cilvÄ“ki ir kÄ¼uvuÅ¡i tik asi un Ä¼auni un nezina, kas vispÄr ir attiecÄ«bas, tikai vai kÄdam kautko pierÄdÄ«tu...",38,0,4.684210526315789
Emilija Young,https://www.youtube.com/watch?v=pbjpRa9Is1I,KÄ tikt pÄri salauztai sirdij? GRWM,"PiekrÄ«tu par visu, ko videoklipÄ minÄ“ji! Prieks bija skatÄ«ties, Paldies, emÄ«lij! â£ï¸",12,1,5.916666666666667
Emilija Young,https://www.youtube.com/watch?v=pbjpRa9Is1I,KÄ tikt pÄri salauztai sirdij? GRWM,"mums ir tik lÄ«dzÄ«gi uzskati par Å¡o visu, tÄda sajÅ«ta, ka esam pazÄ«stamas, Ä¼oti labas draudzenes ğŸ˜„ğŸ˜„ dÄ«vaina sajÅ«ta ğŸ˜‚â¤ï¸",19,4,4.947368421052632
Emilija Young,https://www.youtube.com/watch?v=pbjpRa9Is1I,KÄ tikt pÄri salauztai sirdij? GRWM,"Tev ir skaista dvÄ“sele, es arÄ« jÅ«tos tieÅ¡i tÄ, kÄƒ tu stÄstÄ«ji. NovÄ“lu visiem sasniegt Å¡Ädu emocionÄlo lÄ«meni un saikni ar savu iekÅ¡Ä“jo balsi.ğŸ’–",24,1,4.916666666666667
Emilija Young,https://www.youtube.com/watch?v=pbjpRa9Is1I,KÄ tikt pÄri salauztai sirdij? GRWM,"Mums ir Ä¼oti lÄ«dzÄ«ga problÄ“ma ar cilvÄ“ku palaiÅ¡anu. ğŸ˜Šâ¤ï¸
Es nezinu kÄ tikt pÄri pÄ“dÄ“jai Å¡Ä·irÅ¡anÄs. Tas puisis mani burtiski pasÅ«tÄ«ja 3 mÄjas tÄlÄk. ğŸ’”",24,3,5.041666666666667
Emilija Young,https://www.youtube.com/watch?v=pbjpRa9Is1I,KÄ tikt pÄri salauztai sirdij? GRWM,Jauks video ğŸŒ¿â¤,2,2,5.0
Emilija Young,https://www.youtube.com/watch?v=pbjpRa9Is1I,KÄ tikt pÄri salauztai sirdij? GRWM,Kruts video,2,0,5.0
Emilija Young,https://www.youtube.com/watch?v=pbjpRa9Is1I,KÄ tikt pÄri salauztai sirdij? GRWM,Taviem draugiem ir jÄlepojas ar tik labu cilvÄ“ku!ğŸ˜‰ğŸ’—,8,2,5.25
Emilija Young,https://www.youtube.com/watch?v=pbjpRa9Is1I,KÄ tikt pÄri salauztai sirdij? GRWM,KÄdi bija tie vardi dziesmai ?ğŸ˜,6,1,4.166666666666667
Emilija Young,https://www.youtube.com/watch?v=pbjpRa9Is1I,KÄ tikt pÄri salauztai sirdij? GRWM,"kas bija pirmÄ acu Ä“nu palete, ko izmantoji? :)",9,0,4.333333333333333
Emilija Young,https://www.youtube.com/watch?v=pbjpRa9Is1I,KÄ tikt pÄri salauztai sirdij? GRWM,"AttiecÄ«bas ir tik Ä¼oti nebeidzams temats aka par to var runÄt un runÄt..
Un salauzta sirds ir problÄ“ma kuru daudzi ignorÄ“ un nenovÄ“rtÄ“ğŸ’œ
Loved the look
P. S. ~8:20 video mazliet overlaped.. Bet tÄ malacisğŸ“¹",35,2,4.8
Emilija Young,https://www.youtube.com/watch?v=pbjpRa9Is1I,KÄ tikt pÄri salauztai sirdij? GRWM,Ä»oti deep. AizkustinÄji mani un liki aizdomÄties! Paldies.,8,0,6.375
Emilija Young,https://www.youtube.com/watch?v=pbjpRa9Is1I,KÄ tikt pÄri salauztai sirdij? GRWM,"SvarÄ«gÄkais ir turÄ“ties kopÄ , attiecÄ«bas ir svarÄ«gi sargÄt vienam otru , sargÄÅ¡ana nozÄ«mÄ“ uztraukumu , uztraukums nozÄ«mÄ“ jÅ«tas , jÅ«tas nozÄ«me mÄ«lestÄ«bu un uzticÄ«bu , attiecÄ«bÄs ir itkÄ tik daudz svarÄ«gu punktu , bet arÄ« tos neÅ†emot galvÄ , cilvÄ“ki kuriem tas tieÅ¡Äm bÅ«s svarÄ«gi , tiks galÄ . 
PaÅ¡reiz esmu attiecÄ«bÄs 2,5gadus jau , mums iet kÄ REÄ€LI pa kalniem , ir bijuÅ¡as visÄdas domas drÅ«mÄkajos brÄ«Å¾os , kad varbÅ«t beigt mocÄ«t to otru cilvÄ“ciÅ†u utml , taÄu mÄ“s pÄrkÄpjam tam pÄri , un tÄ ir mÄ«lestÄ«ba . 
MÄ“s neÄ¼aujam viens otram aiziet , par spÄ«ti visam . â¤ï¸ 
ps . EmÄ«lij , es ticu un zinu kad Tu atradÄ«si puisi (pareizÄk jau vÄ«rieti)  kurÅ¡ pratÄ«s Tevi nosargÄt un novÄ“rtÄ“t . â™¥ï¸",124,2,4.467741935483871
Emilija Young,https://www.youtube.com/watch?v=pbjpRa9Is1I,KÄ tikt pÄri salauztai sirdij? GRWM,Tev viena vieta atkÄrtojas kur sÄc likt tonÄlo,8,0,4.875
Emilija Young,https://www.youtube.com/watch?v=pbjpRa9Is1I,KÄ tikt pÄri salauztai sirdij? GRWM,TieÅ¡Äm nav heits bet maza montÄ“Å¡anas kÄ¼Å«diÅ†a 1 klips bija 2 reizes,12,0,4.583333333333333
Emilija Young,https://www.youtube.com/watch?v=pbjpRa9Is1I,KÄ tikt pÄri salauztai sirdij? GRWM,"Man bija taa ka es biju kopÄ ar puisi tikai 3mÄ“n.un tad es no viÅ†a izÅ¡Ä·iiros jo BFF viÅ†Å¡ nepatika es reÄli to noÅ¾Ä“loju kad izÅ¡Ä·iiros pagaaja gads un visu to gadu es mocijos ar sÄpÄ“m un es pat griezu rokaas ar Å¾ileti, bet tgd viss ir chill . ..man ir jauns puisis kuru Ä¼oti miiluâ¤â¤â¤â¤tu esi labaakaa Emiilijâ¤â¤â¤â¤â™¾â¤â¤",59,11,4.11864406779661
Emilija Young,https://www.youtube.com/watch?v=pbjpRa9Is1I,KÄ tikt pÄri salauztai sirdij? GRWM,DÄ«lot = samierinÄties?,3,0,6.666666666666667
Emilija Young,https://www.youtube.com/watch?v=pbjpRa9Is1I,KÄ tikt pÄri salauztai sirdij? GRWM,Man ir 11 un es ar savu cali biju kopÄ 1 gadu un 5 men vins mani pameta jo uzskatÄ«ja ka es viÅ†am pievÄ“rsu maz uzmanÄ«bas ... jo vairak Å†emos ar savu bff jo mÄ“s sastrÄ«dÄ“jÄmies n tÄ talak un vins vnk pateica Tu esi ar bff vai ar mani es pateicu vinjs bet man ir grÅ«ti to izvÄ“lÄ“ties vins ktk sadomÄjÄs un pameta vnk mani :( es looooti pÄrdzÄ«voju (zinu ka esmu par mazu attiecÄ«bÄm ) kaut skaitlim nav nozÄ«me bet nja,83,0,3.9518072289156625
